id_cliente,tipo_documento,numero_identificacion,nombre_razon_social,email,num_contacto,tipo_num_contacto,ciudad,direccion_residencia,direccion_operativa,representante_legal,habeas_data,tipo_regimen,fecha_registro
CLI-000001,CE,88941257,GlobalTrade S.A.,globaltrade_791@hotmail.com,314018288,telefono,Barranquilla,Cra. 45 con Calle 30,Cra. 10 con Calle 70,Gómez Pérez,False,responsable_iva,2025-05-29
CLI-000002,CE,40521091,FastLogistics S.A.,fastlogistics_411@yahoo.com,337216391,telefono,Barranquilla,Cra. 10 con Calle 70,Cra. 1 con Calle 1,Ramírez Gómez,True,responsable_iva,2024-10-14
CLI-000003,NIT,47421485,InnovateMart S.A.,innovatemart_595@gmail.com,361762729,telefono,Cali,Cra. 45 con Calle 30,Cra. 5 con Calle 50,Cruz Ruiz,True,no_responsable_iva,2024-10-12
CLI-000004,CE,52394037,TechSolutions E.U.,techsolutions_329@yahoo.com,364668203,celular,Medellín,Cra. 35 con Calle 80,Cra. 10 con Calle 70,Pérez López,True,no_responsable_iva,2026-02-13
CLI-000005,CC,21361395,PremiumServices SAS,premiumservices_866@gmail.com,396132991,celular,Cali,Cra. 1 con Calle 1,Cra. 45 con Calle 30,Cruz Jiménez,True,no_responsable_iva,2024-08-27
CLI-000006,CE,44610083,QuantumLeap S.A.,quantumleap_433@hotmail.com,382232870,celular,Medellín,Cra. 25 con Calle 45,Cra. 15 con Calle 100,López Vargas,False,responsable_iva,2025-07-19
CLI-000007,CC,38785390,QuantumLeap SAS,quantumleap_581@yahoo.com,338749944,celular,Bogotá,Cra. 15 con Calle 100,Cra. 10 con Calle 70,Vargas Ramírez,False,no_responsable_iva,2025-04-03
CLI-000008,CE,47792688,FastLogistics E.U.,fastlogistics_793@yahoo.com,385946973,celular,Medellín,Cra. 10 con Calle 70,Cra. 25 con Calle 45,Rodríguez Sánchez,False,no_responsable_iva,2025-01-07
CLI-000009,CC,83923386,PureSource LTDA,puresource_326@hotmail.com,343574205,telefono,Bucaramanga,Cra. 45 con Calle 30,Cra. 10 con Calle 70,Martínez Torres,False,no_responsable_iva,2025-03-06
CLI-000010,CE,85056275,PremiumServices S.A.,premiumservices_572@empresa.com.co,340315870,celular,Bucaramanga,Cra. 15 con Calle 100,Cra. 40 con Calle 120,Cruz Morales,True,no_responsable_iva,2024-12-06
CLI-000011,CC,64974667,PremiumServices S.A.,premiumservices_376@empresa.com.co,370247043,telefono,Bucaramanga,Cra. 45 con Calle 30,Cra. 10 con Calle 70,Torres Martínez,False,no_responsable_iva,2026-01-20
CLI-000012,CE,45711030,ProccessFlow E.U.,proccessflow_390@empresa.com.co,365628133,telefono,Barranquilla,Cra. 35 con Calle 80,Cra. 30 con Calle 60,Rodríguez Gómez,False,responsable_iva,2024-12-18
CLI-000013,CC,76514509,ImpactHub E.U.,impacthub_997@hotmail.com,335547632,telefono,Bucaramanga,Cra. 1 con Calle 1,Cra. 30 con Calle 60,Vargas Martínez,True,no_responsable_iva,2026-03-25
CLI-000014,NIT,30936056,InnovateMart SAS,innovatemart_409@hotmail.com,360729453,celular,Medellín,Cra. 15 con Calle 100,Cra. 5 con Calle 50,Jiménez González,False,responsable_iva,2025-03-07
CLI-000015,NIT,60046086,InnovateMart S.A.,innovatemart_703@yahoo.com,326868199,celular,Bucaramanga,Cra. 20 con Calle 150,Cra. 40 con Calle 120,García Rodríguez,True,responsable_iva,2025-04-27
CLI-000016,CC,45273007,EliteManufacturing E.U.,elitemanufacturing_514@hotmail.com,381635598,telefono,Bucaramanga,Cra. 10 con Calle 70,Cra. 30 con Calle 60,Morales Rodríguez,True,responsable_iva,2025-07-12
CLI-000017,NIT,71582060,FutureWorks SAS,futureworks_781@empresa.com.co,377152556,celular,Bucaramanga,Cra. 10 con Calle 70,Cra. 1 con Calle 1,Ramírez Vargas,True,responsable_iva,2024-10-03
CLI-000018,CC,32435902,VentureTech SAS,venturetech_423@empresa.com.co,371103712,celular,Cali,Cra. 5 con Calle 50,Cra. 40 con Calle 120,Pérez Martínez,True,responsable_iva,2025-08-05
CLI-000019,CE,13042086,GreenEarth LTDA,greenearth_628@empresa.com.co,327898701,telefono,Medellín,Cra. 40 con Calle 120,Cra. 1 con Calle 1,Torres González,False,no_responsable_iva,2024-09-14
CLI-000020,CC,18608624,EcoProducts E.U.,ecoproducts_127@empresa.com.co,324629442,telefono,Barranquilla,Cra. 10 con Calle 70,Cra. 45 con Calle 30,Jiménez Martínez,False,responsable_iva,2026-04-14
CLI-000021,CC,21612200,PowerDrive LTDA,powerdrive_699@hotmail.com,311674228,telefono,Cali,Cra. 30 con Calle 60,Cra. 1 con Calle 1,Vargas Torres,True,responsable_iva,2025-08-20
CLI-000022,NIT,91270865,GlobalTrade S.A.,globaltrade_204@empresa.com.co,371200812,celular,Medellín,Cra. 45 con Calle 30,Cra. 5 con Calle 50,Rodríguez Sánchez,True,no_responsable_iva,2025-02-13
CLI-000023,CE,96507050,NextGen E.U.,nextgen_691@yahoo.com,387573363,celular,Barranquilla,Cra. 5 con Calle 50,Cra. 35 con Calle 80,Ramírez Ramírez,False,responsable_iva,2025-05-15
CLI-000024,CC,64764442,PremiumServices S.A.,premiumservices_356@gmail.com,367026764,celular,Barranquilla,Cra. 35 con Calle 80,Cra. 25 con Calle 45,Vargas López,False,responsable_iva,2024-10-01
CLI-000025,CE,25740358,GreenEarth E.U.,greenearth_475@gmail.com,314343576,telefono,Bucaramanga,Cra. 40 con Calle 120,Cra. 5 con Calle 50,Rodríguez García,False,responsable_iva,2025-02-17
CLI-000026,CC,71950209,DigitalPulse S.A.,digitalpulse_371@gmail.com,363337894,telefono,Cali,Cra. 10 con Calle 70,Cra. 5 con Calle 50,Vargas García,True,no_responsable_iva,2025-04-20
CLI-000027,CE,94106667,EcoProducts LTDA,ecoproducts_288@yahoo.com,316569740,celular,Bucaramanga,Cra. 30 con Calle 60,Cra. 15 con Calle 100,Gómez López,True,responsable_iva,2026-03-20
CLI-000028,NIT,55764307,DigitalPulse S.A.,digitalpulse_756@gmail.com,322793710,telefono,Bucaramanga,Cra. 40 con Calle 120,Cra. 35 con Calle 80,Pérez Jiménez,True,responsable_iva,2025-12-20
CLI-000029,CE,80053323,CareGroup LTDA,caregroup_767@empresa.com.co,320990658,telefono,Barranquilla,Cra. 40 con Calle 120,Cra. 35 con Calle 80,Rodríguez Rodríguez,True,responsable_iva,2025-05-07
CLI-000030,CE,26741226,FutureWorks E.U.,futureworks_465@gmail.com,322252323,celular,Barranquilla,Cra. 15 con Calle 100,Cra. 20 con Calle 150,García Cruz,False,responsable_iva,2025-10-06
CLI-000031,CC,65941260,FutureWorks S.A.,futureworks_362@hotmail.com,311720260,celular,Cali,Cra. 40 con Calle 120,Cra. 35 con Calle 80,Gómez Sánchez,True,no_responsable_iva,2024-12-11
CLI-000032,CC,61274727,PowerDrive S.A.,powerdrive_331@gmail.com,355529436,telefono,Barranquilla,Cra. 10 con Calle 70,Cra. 40 con Calle 120,Ramírez Pérez,True,responsable_iva,2025-12-23
CLI-000033,CC,26283198,PureSource S.A.,puresource_304@gmail.com,371666224,telefono,Bogotá,Cra. 35 con Calle 80,Cra. 20 con Calle 150,Jiménez Gómez,False,responsable_iva,2026-03-19
CLI-000034,CC,80891357,TechSolutions SAS,techsolutions_704@hotmail.com,392337204,telefono,Bucaramanga,Cra. 40 con Calle 120,Cra. 15 con Calle 100,Sánchez Jiménez,True,responsable_iva,2024-11-29
CLI-000035,NIT,27242315,CareGroup E.U.,caregroup_617@yahoo.com,363664574,telefono,Bucaramanga,Cra. 30 con Calle 60,Cra. 25 con Calle 45,Rodríguez Vargas,False,no_responsable_iva,2025-03-02
CLI-000036,CE,82024564,EliteManufacturing S.A.,elitemanufacturing_503@empresa.com.co,373455210,celular,Bucaramanga,Cra. 1 con Calle 1,Cra. 20 con Calle 150,Jiménez Ruiz,False,responsable_iva,2025-03-11
CLI-000037,NIT,23921953,EliteManufacturing S.A.,elitemanufacturing_495@gmail.com,334966445,telefono,Barranquilla,Cra. 40 con Calle 120,Cra. 35 con Calle 80,González Ramírez,False,no_responsable_iva,2025-06-16
CLI-000038,NIT,15439875,PureSource LTDA,puresource_110@gmail.com,382562491,celular,Barranquilla,Cra. 15 con Calle 100,Cra. 45 con Calle 30,Gómez Cruz,False,no_responsable_iva,2025-09-11
CLI-000039,CC,83939074,ImpactHub E.U.,impacthub_934@gmail.com,358682233,telefono,Bogotá,Cra. 45 con Calle 30,Cra. 10 con Calle 70,García Jiménez,True,no_responsable_iva,2024-11-18
CLI-000040,CC,61504051,DirectSupply LTDA,directsupply_769@empresa.com.co,387594909,telefono,Cali,Cra. 5 con Calle 50,Cra. 35 con Calle 80,Jiménez Ruiz,True,responsable_iva,2024-08-09
CLI-000041,CC,46686370,EcoProducts SAS,ecoproducts_460@hotmail.com,375531393,celular,Medellín,Cra. 10 con Calle 70,Cra. 15 con Calle 100,Gómez Cruz,True,responsable_iva,2026-05-31
CLI-000042,CE,25377152,InnovateMart E.U.,innovatemart_387@hotmail.com,389118820,telefono,Bogotá,Cra. 25 con Calle 45,Cra. 35 con Calle 80,Ramírez Ruiz,True,no_responsable_iva,2025-03-13
CLI-000043,CE,54650393,CloudNine S.A.,cloudnine_161@empresa.com.co,343048061,celular,Medellín,Cra. 25 con Calle 45,Cra. 30 con Calle 60,Ruiz Ramírez,True,no_responsable_iva,2026-04-04
CLI-000044,CC,55139428,GlobalTrade LTDA,globaltrade_736@yahoo.com,355495976,telefono,Cali,Cra. 25 con Calle 45,Cra. 5 con Calle 50,López Pérez,True,responsable_iva,2025-01-27
CLI-000045,CC,53653256,EliteManufacturing SAS,elitemanufacturing_877@empresa.com.co,321095121,celular,Bogotá,Cra. 15 con Calle 100,Cra. 25 con Calle 45,Gómez Pérez,False,responsable_iva,2025-12-05
CLI-000046,CE,68527303,ProccessFlow S.A.,proccessflow_216@yahoo.com,371953530,celular,Bogotá,Cra. 35 con Calle 80,Cra. 25 con Calle 45,Sánchez Ruiz,True,responsable_iva,2024-12-28
CLI-000047,CE,58140324,TechSolutions SAS,techsolutions_957@gmail.com,342241230,telefono,Bogotá,Cra. 15 con Calle 100,Cra. 25 con Calle 45,Torres García,True,no_responsable_iva,2025-05-26
CLI-000048,CE,95215890,GlobalTrade SAS,globaltrade_258@gmail.com,325095491,celular,Bogotá,Cra. 30 con Calle 60,Cra. 1 con Calle 1,Martínez Cruz,False,responsable_iva,2026-04-22
CLI-000049,CE,52703125,GreenEarth SAS,greenearth_797@empresa.com.co,361428794,celular,Barranquilla,Cra. 1 con Calle 1,Cra. 20 con Calle 150,Gómez Pérez,False,responsable_iva,2025-03-19
CLI-000050,CC,51210771,InnovateMart E.U.,innovatemart_663@gmail.com,392661893,celular,Medellín,Cra. 35 con Calle 80,Cra. 20 con Calle 150,Ruiz Rodríguez,True,responsable_iva,2025-12-26
CLI-000051,CE,25100572,CareGroup SAS,caregroup_400@yahoo.com,364267975,telefono,Bucaramanga,Cra. 1 con Calle 1,Cra. 25 con Calle 45,Pérez Ruiz,False,no_responsable_iva,2024-09-13
CLI-000052,NIT,56357558,GreenEarth S.A.,greenearth_621@gmail.com,371746636,telefono,Cali,Cra. 5 con Calle 50,Cra. 45 con Calle 30,Martínez González,False,responsable_iva,2024-10-02
CLI-000053,NIT,24209067,TechSolutions SAS,techsolutions_409@gmail.com,318012657,celular,Barranquilla,Cra. 1 con Calle 1,Cra. 20 con Calle 150,González Martínez,True,responsable_iva,2025-03-08
CLI-000054,CC,54981068,EcoProducts SAS,ecoproducts_952@hotmail.com,380269572,telefono,Bogotá,Cra. 5 con Calle 50,Cra. 5 con Calle 50,Rodríguez Rodríguez,True,no_responsable_iva,2026-06-08
CLI-000055,NIT,63342825,InnovateMart S.A.,innovatemart_594@yahoo.com,354278183,telefono,Barranquilla,Cra. 15 con Calle 100,Cra. 1 con Calle 1,Ruiz Martínez,False,responsable_iva,2026-05-11
CLI-000056,CE,11626630,EcoProducts SAS,ecoproducts_979@gmail.com,323924300,celular,Bucaramanga,Cra. 45 con Calle 30,Cra. 25 con Calle 45,Rodríguez Ramírez,True,responsable_iva,2025-11-19
CLI-000057,CC,98177847,PremiumServices E.U.,premiumservices_564@yahoo.com,368147337,telefono,Cali,Cra. 5 con Calle 50,Cra. 20 con Calle 150,Sánchez Gómez,True,responsable_iva,2026-06-07
CLI-000058,CC,17050879,QuantumLeap E.U.,quantumleap_147@yahoo.com,370535105,celular,Barranquilla,Cra. 20 con Calle 150,Cra. 1 con Calle 1,López Ruiz,True,responsable_iva,2026-03-13
CLI-000059,CC,79541756,ProccessFlow LTDA,proccessflow_698@hotmail.com,389334596,celular,Barranquilla,Cra. 15 con Calle 100,Cra. 15 con Calle 100,Ruiz López,True,responsable_iva,2025-07-10
CLI-000060,CC,82197011,ValueChain S.A.,valuechain_277@hotmail.com,370276664,telefono,Bogotá,Cra. 45 con Calle 30,Cra. 25 con Calle 45,Torres Jiménez,False,no_responsable_iva,2025-12-14
CLI-000061,NIT,31103662,InnovateMart SAS,innovatemart_338@empresa.com.co,373516936,telefono,Medellín,Cra. 5 con Calle 50,Cra. 15 con Calle 100,Morales Cruz,False,no_responsable_iva,2025-11-07
CLI-000062,NIT,94160245,ProccessFlow S.A.,proccessflow_920@hotmail.com,396130410,telefono,Bucaramanga,Cra. 35 con Calle 80,Cra. 40 con Calle 120,García Sánchez,False,no_responsable_iva,2025-06-05
CLI-000063,NIT,77825458,ImpactHub LTDA,impacthub_740@hotmail.com,328538844,telefono,Barranquilla,Cra. 15 con Calle 100,Cra. 15 con Calle 100,Ramírez Torres,True,no_responsable_iva,2025-07-09
CLI-000064,CC,77356570,SustainableCorp LTDA,sustainablecorp_670@hotmail.com,320591668,telefono,Medellín,Cra. 10 con Calle 70,Cra. 15 con Calle 100,García Gómez,True,responsable_iva,2025-01-13
CLI-000065,NIT,38791718,GreenEarth S.A.,greenearth_745@empresa.com.co,312214487,celular,Cali,Cra. 45 con Calle 30,Cra. 35 con Calle 80,Cruz Jiménez,True,no_responsable_iva,2024-12-27
CLI-000066,CC,70280559,ValueChain LTDA,valuechain_716@hotmail.com,317972394,telefono,Medellín,Cra. 45 con Calle 30,Cra. 40 con Calle 120,Sánchez Morales,True,no_responsable_iva,2024-07-20
CLI-000067,CE,47971457,CloudNine LTDA,cloudnine_978@gmail.com,331594166,telefono,Bucaramanga,Cra. 25 con Calle 45,Cra. 20 con Calle 150,Gómez Gómez,False,responsable_iva,2026-05-05
CLI-000068,CE,78297435,PremiumServices S.A.,premiumservices_948@empresa.com.co,330096038,celular,Bogotá,Cra. 15 con Calle 100,Cra. 30 con Calle 60,Pérez Cruz,True,no_responsable_iva,2025-03-16
CLI-000069,CC,96139946,ProccessFlow SAS,proccessflow_136@yahoo.com,384884813,celular,Bogotá,Cra. 40 con Calle 120,Cra. 25 con Calle 45,González Cruz,True,no_responsable_iva,2026-04-26
CLI-000070,CE,65273775,CloudNine SAS,cloudnine_970@gmail.com,336714740,telefono,Medellín,Cra. 20 con Calle 150,Cra. 25 con Calle 45,Morales Sánchez,True,no_responsable_iva,2025-11-30
CLI-000071,CE,60378773,GlobalTrade E.U.,globaltrade_458@empresa.com.co,346230757,telefono,Bogotá,Cra. 30 con Calle 60,Cra. 40 con Calle 120,Ruiz Rodríguez,True,responsable_iva,2024-10-15
CLI-000072,CE,90635507,ProccessFlow SAS,proccessflow_594@hotmail.com,329930574,telefono,Barranquilla,Cra. 20 con Calle 150,Cra. 45 con Calle 30,Sánchez González,False,responsable_iva,2025-05-24
CLI-000073,NIT,94622492,ImpactHub SAS,impacthub_977@gmail.com,383234996,celular,Bucaramanga,Cra. 25 con Calle 45,Cra. 25 con Calle 45,Gómez García,True,no_responsable_iva,2024-09-30
CLI-000074,CE,56057734,FastLogistics S.A.,fastlogistics_405@gmail.com,397957082,celular,Medellín,Cra. 45 con Calle 30,Cra. 40 con Calle 120,Morales López,True,responsable_iva,2025-12-07
CLI-000075,CE,48432366,CyberVault S.A.,cybervault_110@gmail.com,395974997,telefono,Barranquilla,Cra. 25 con Calle 45,Cra. 5 con Calle 50,Gómez Jiménez,True,responsable_iva,2025-02-19
CLI-000076,NIT,44106265,GlobalTrade SAS,globaltrade_522@gmail.com,312125950,celular,Medellín,Cra. 15 con Calle 100,Cra. 30 con Calle 60,López Gómez,True,responsable_iva,2024-09-23
CLI-000077,CE,15035620,DirectSupply S.A.,directsupply_860@hotmail.com,318662070,celular,Barranquilla,Cra. 25 con Calle 45,Cra. 20 con Calle 150,Morales Gómez,True,no_responsable_iva,2025-03-08
CLI-000078,CE,32208821,PremiumServices SAS,premiumservices_562@yahoo.com,314930105,telefono,Bucaramanga,Cra. 25 con Calle 45,Cra. 40 con Calle 120,López García,True,responsable_iva,2025-11-18
CLI-000079,NIT,29934174,FutureWorks LTDA,futureworks_224@empresa.com.co,390774989,telefono,Bucaramanga,Cra. 35 con Calle 80,Cra. 45 con Calle 30,Pérez Sánchez,True,no_responsable_iva,2025-03-08
CLI-000080,CE,48639838,FutureWorks S.A.,futureworks_104@gmail.com,315193878,telefono,Medellín,Cra. 1 con Calle 1,Cra. 45 con Calle 30,Pérez Martínez,False,responsable_iva,2024-12-15
CLI-000081,NIT,74635808,CareGroup S.A.,caregroup_604@empresa.com.co,389609541,celular,Bogotá,Cra. 10 con Calle 70,Cra. 25 con Calle 45,González Ramírez,True,no_responsable_iva,2025-07-22
CLI-000082,NIT,21430026,PureSource LTDA,puresource_134@empresa.com.co,326484585,telefono,Bucaramanga,Cra. 15 con Calle 100,Cra. 1 con Calle 1,Pérez Sánchez,True,responsable_iva,2024-07-20
CLI-000083,CE,86084556,ProccessFlow LTDA,proccessflow_916@hotmail.com,335313891,telefono,Bogotá,Cra. 35 con Calle 80,Cra. 1 con Calle 1,Pérez Cruz,False,responsable_iva,2026-02-22
CLI-000084,CC,54814485,FutureWorks LTDA,futureworks_443@hotmail.com,368310253,celular,Barranquilla,Cra. 20 con Calle 150,Cra. 1 con Calle 1,Ruiz Ruiz,False,no_responsable_iva,2026-05-21
CLI-000085,CC,42602700,ImpactHub LTDA,impacthub_733@yahoo.com,327252122,telefono,Barranquilla,Cra. 25 con Calle 45,Cra. 40 con Calle 120,Rodríguez Jiménez,False,responsable_iva,2025-01-29
CLI-000086,NIT,52341640,EcoProducts S.A.,ecoproducts_284@empresa.com.co,326487524,telefono,Barranquilla,Cra. 15 con Calle 100,Cra. 1 con Calle 1,Rodríguez Martínez,False,no_responsable_iva,2024-09-02
CLI-000087,CE,84919752,ValueChain S.A.,valuechain_553@empresa.com.co,355621082,celular,Bucaramanga,Cra. 1 con Calle 1,Cra. 15 con Calle 100,López Rodríguez,False,responsable_iva,2024-07-28
CLI-000088,CE,88267574,EcoProducts S.A.,ecoproducts_647@hotmail.com,358725172,telefono,Cali,Cra. 20 con Calle 150,Cra. 35 con Calle 80,Gómez García,True,responsable_iva,2025-11-03
CLI-000089,CE,49317984,FastLogistics LTDA,fastlogistics_853@gmail.com,334602242,celular,Barranquilla,Cra. 35 con Calle 80,Cra. 45 con Calle 30,Cruz Martínez,True,responsable_iva,2024-10-24
CLI-000090,CE,26991441,QuantumLeap E.U.,quantumleap_648@empresa.com.co,341822629,telefono,Medellín,Cra. 45 con Calle 30,Cra. 10 con Calle 70,Vargas Gómez,False,responsable_iva,2025-06-22
CLI-000091,CE,18352179,ProccessFlow SAS,proccessflow_730@gmail.com,399619036,telefono,Medellín,Cra. 1 con Calle 1,Cra. 45 con Calle 30,García Torres,True,no_responsable_iva,2026-04-30
CLI-000092,CC,92373784,CloudNine S.A.,cloudnine_180@empresa.com.co,371555626,telefono,Bucaramanga,Cra. 35 con Calle 80,Cra. 45 con Calle 30,Sánchez Rodríguez,True,no_responsable_iva,2025-08-07
CLI-000093,NIT,18800016,InterConnect SAS,interconnect_885@hotmail.com,376108405,celular,Bogotá,Cra. 15 con Calle 100,Cra. 25 con Calle 45,Torres Rodríguez,False,no_responsable_iva,2025-02-02
CLI-000094,CE,81530113,CloudNine LTDA,cloudnine_526@empresa.com.co,385360370,celular,Medellín,Cra. 40 con Calle 120,Cra. 45 con Calle 30,Torres Vargas,True,no_responsable_iva,2024-09-16
CLI-000095,NIT,80806313,SustainableCorp E.U.,sustainablecorp_618@empresa.com.co,380163507,celular,Barranquilla,Cra. 10 con Calle 70,Cra. 35 con Calle 80,Ruiz Sánchez,True,no_responsable_iva,2025-08-14
CLI-000096,CE,44994661,EliteManufacturing LTDA,elitemanufacturing_644@hotmail.com,370186094,celular,Medellín,Cra. 10 con Calle 70,Cra. 20 con Calle 150,Morales Vargas,True,responsable_iva,2025-06-26
CLI-000097,CC,50907006,CloudNine LTDA,cloudnine_724@yahoo.com,385403511,telefono,Bogotá,Cra. 25 con Calle 45,Cra. 45 con Calle 30,Morales Cruz,False,responsable_iva,2026-01-08
CLI-000098,NIT,89524264,InnovateMart LTDA,innovatemart_911@gmail.com,366805825,celular,Barranquilla,Cra. 45 con Calle 30,Cra. 45 con Calle 30,Sánchez Pérez,True,no_responsable_iva,2026-04-21
CLI-000099,CE,97470987,DirectSupply SAS,directsupply_838@empresa.com.co,328809594,celular,Bogotá,Cra. 1 con Calle 1,Cra. 40 con Calle 120,López Martínez,False,no_responsable_iva,2025-03-02
CLI-000100,CC,50280355,PowerDrive LTDA,powerdrive_955@yahoo.com,335493380,telefono,Barranquilla,Cra. 45 con Calle 30,Cra. 35 con Calle 80,Ruiz Pérez,False,no_responsable_iva,2026-02-28
CLI-000101,NIT,76917048,FastLogistics E.U.,fastlogistics_895@hotmail.com,310245694,celular,Barranquilla,Cra. 45 con Calle 30,Cra. 10 con Calle 70,Jiménez García,False,no_responsable_iva,2026-01-28
CLI-000102,CC,14044640,ProccessFlow S.A.,proccessflow_123@empresa.com.co,355971108,celular,Barranquilla,Cra. 30 con Calle 60,Cra. 25 con Calle 45,López Pérez,False,responsable_iva,2025-03-23
CLI-000103,CC,55503243,ProccessFlow LTDA,proccessflow_485@yahoo.com,345593771,celular,Barranquilla,Cra. 10 con Calle 70,Cra. 25 con Calle 45,Ruiz Rodríguez,False,responsable_iva,2024-10-30
CLI-000104,NIT,83791245,FastLogistics E.U.,fastlogistics_251@empresa.com.co,398570408,celular,Cali,Cra. 45 con Calle 30,Cra. 45 con Calle 30,García Rodríguez,True,no_responsable_iva,2024-09-21
CLI-000105,CC,84425577,SkyBridge E.U.,skybridge_203@empresa.com.co,394980195,celular,Cali,Cra. 35 con Calle 80,Cra. 15 con Calle 100,Pérez Sánchez,True,no_responsable_iva,2025-01-08
CLI-000106,NIT,93112329,SkyBridge E.U.,skybridge_635@yahoo.com,392693146,telefono,Medellín,Cra. 35 con Calle 80,Cra. 45 con Calle 30,Sánchez Martínez,False,no_responsable_iva,2026-02-05
CLI-000107,CE,73542767,NextGen LTDA,nextgen_200@empresa.com.co,346276872,celular,Barranquilla,Cra. 35 con Calle 80,Cra. 25 con Calle 45,García Torres,False,responsable_iva,2024-11-20
CLI-000108,CE,96825410,GreenEarth LTDA,greenearth_858@yahoo.com,311460870,telefono,Medellín,Cra. 20 con Calle 150,Cra. 15 con Calle 100,Sánchez Sánchez,False,no_responsable_iva,2025-06-20
CLI-000109,CC,42971037,CareGroup S.A.,caregroup_275@hotmail.com,311728395,telefono,Barranquilla,Cra. 35 con Calle 80,Cra. 20 con Calle 150,Rodríguez Gómez,False,responsable_iva,2026-05-15
CLI-000110,CE,54618510,ImpactHub E.U.,impacthub_581@empresa.com.co,360350241,telefono,Medellín,Cra. 5 con Calle 50,Cra. 1 con Calle 1,Cruz Pérez,False,responsable_iva,2025-10-07
CLI-000111,CC,39443947,SustainableCorp E.U.,sustainablecorp_679@yahoo.com,316950890,celular,Medellín,Cra. 20 con Calle 150,Cra. 35 con Calle 80,García Torres,False,responsable_iva,2026-06-07
CLI-000112,CC,34538878,CyberVault SAS,cybervault_976@yahoo.com,396631803,telefono,Cali,Cra. 10 con Calle 70,Cra. 45 con Calle 30,Torres Ruiz,False,responsable_iva,2025-11-03
CLI-000113,CC,18947172,SpeedForward LTDA,speedforward_366@hotmail.com,328058050,celular,Bogotá,Cra. 5 con Calle 50,Cra. 5 con Calle 50,González García,True,responsable_iva,2026-04-20
CLI-000114,CC,53832248,SmartBuild E.U.,smartbuild_451@yahoo.com,350986915,celular,Bogotá,Cra. 45 con Calle 30,Cra. 30 con Calle 60,Gómez Torres,False,no_responsable_iva,2026-03-31
CLI-000115,CC,83330027,QuantumLeap LTDA,quantumleap_921@hotmail.com,344017393,celular,Bogotá,Cra. 45 con Calle 30,Cra. 5 con Calle 50,Rodríguez Martínez,False,responsable_iva,2024-08-25
CLI-000116,CE,38715463,ImpactHub S.A.,impacthub_625@yahoo.com,380270897,telefono,Bucaramanga,Cra. 25 con Calle 45,Cra. 20 con Calle 150,Ruiz Sánchez,False,responsable_iva,2025-02-25
CLI-000117,NIT,55046780,TechSolutions SAS,techsolutions_494@hotmail.com,372189174,telefono,Cali,Cra. 40 con Calle 120,Cra. 15 con Calle 100,Torres González,False,no_responsable_iva,2024-11-30
CLI-000118,NIT,44997502,ValueChain SAS,valuechain_328@empresa.com.co,373380666,telefono,Bogotá,Cra. 15 con Calle 100,Cra. 5 con Calle 50,Torres Torres,True,no_responsable_iva,2025-06-21
CLI-000119,CE,63543850,FutureWorks LTDA,futureworks_692@hotmail.com,321840694,telefono,Medellín,Cra. 15 con Calle 100,Cra. 5 con Calle 50,López Cruz,True,no_responsable_iva,2024-09-14
CLI-000120,NIT,70186015,NextGen SAS,nextgen_395@empresa.com.co,372409098,celular,Bucaramanga,Cra. 30 con Calle 60,Cra. 40 con Calle 120,Jiménez Morales,False,no_responsable_iva,2026-05-08
CLI-000121,NIT,97129646,SkyBridge LTDA,skybridge_187@yahoo.com,371738483,telefono,Bucaramanga,Cra. 30 con Calle 60,Cra. 1 con Calle 1,Pérez García,False,no_responsable_iva,2026-02-08
CLI-000122,CC,38908519,InterConnect S.A.,interconnect_418@yahoo.com,342042659,telefono,Barranquilla,Cra. 1 con Calle 1,Cra. 40 con Calle 120,García Rodríguez,False,responsable_iva,2025-02-17
CLI-000123,CE,86217416,InterConnect S.A.,interconnect_365@hotmail.com,392089672,telefono,Medellín,Cra. 10 con Calle 70,Cra. 45 con Calle 30,Martínez Sánchez,True,responsable_iva,2026-01-24
CLI-000124,CC,29106004,InterConnect SAS,interconnect_499@hotmail.com,347372804,telefono,Cali,Cra. 25 con Calle 45,Cra. 20 con Calle 150,Cruz Morales,False,no_responsable_iva,2025-07-25
CLI-000125,NIT,70153088,TechSolutions LTDA,techsolutions_286@hotmail.com,377311266,telefono,Barranquilla,Cra. 5 con Calle 50,Cra. 35 con Calle 80,Torres Torres,True,no_responsable_iva,2026-03-04
CLI-000126,CC,94714580,InnovateMart E.U.,innovatemart_504@hotmail.com,344688476,telefono,Barranquilla,Cra. 10 con Calle 70,Cra. 45 con Calle 30,Martínez González,False,responsable_iva,2025-10-08
CLI-000127,CE,90441311,PureSource LTDA,puresource_434@hotmail.com,314058581,telefono,Barranquilla,Cra. 40 con Calle 120,Cra. 5 con Calle 50,López Torres,True,responsable_iva,2025-09-28
CLI-000128,NIT,51354209,TechSolutions E.U.,techsolutions_915@yahoo.com,337046468,celular,Medellín,Cra. 25 con Calle 45,Cra. 35 con Calle 80,Morales Jiménez,False,no_responsable_iva,2025-06-27
CLI-000129,NIT,76844026,InterConnect E.U.,interconnect_628@gmail.com,388755351,telefono,Bucaramanga,Cra. 1 con Calle 1,Cra. 10 con Calle 70,Jiménez Jiménez,False,responsable_iva,2025-07-20
CLI-000130,CE,15047885,SkyBridge LTDA,skybridge_487@gmail.com,344658129,telefono,Medellín,Cra. 1 con Calle 1,Cra. 15 con Calle 100,Cruz Morales,False,no_responsable_iva,2025-04-01
CLI-000131,CE,17658485,GlobalTrade S.A.,globaltrade_995@hotmail.com,364754816,telefono,Bogotá,Cra. 5 con Calle 50,Cra. 45 con Calle 30,González Vargas,False,responsable_iva,2025-01-05
CLI-000132,NIT,44368983,VentureTech SAS,venturetech_447@hotmail.com,363256302,celular,Cali,Cra. 15 con Calle 100,Cra. 35 con Calle 80,Pérez Cruz,True,responsable_iva,2024-10-17
CLI-000133,CC,65588007,EcoProducts LTDA,ecoproducts_107@hotmail.com,389438549,celular,Barranquilla,Cra. 35 con Calle 80,Cra. 10 con Calle 70,Ramírez Ruiz,False,responsable_iva,2024-11-28
CLI-000134,CE,84964287,DigitalPulse SAS,digitalpulse_878@gmail.com,353096331,telefono,Cali,Cra. 10 con Calle 70,Cra. 30 con Calle 60,García García,True,no_responsable_iva,2024-11-06
CLI-000135,NIT,44286970,ImpactHub S.A.,impacthub_764@yahoo.com,389877886,celular,Cali,Cra. 45 con Calle 30,Cra. 1 con Calle 1,Torres Martínez,False,no_responsable_iva,2026-05-12
CLI-000136,NIT,64105487,EliteManufacturing S.A.,elitemanufacturing_649@yahoo.com,380335641,telefono,Bucaramanga,Cra. 20 con Calle 150,Cra. 25 con Calle 45,Sánchez López,True,responsable_iva,2025-08-21
CLI-000137,CE,22165460,NextGen LTDA,nextgen_685@hotmail.com,388542625,telefono,Medellín,Cra. 10 con Calle 70,Cra. 30 con Calle 60,Martínez García,False,responsable_iva,2024-08-15
CLI-000138,NIT,50983458,SpeedForward LTDA,speedforward_645@hotmail.com,333420134,telefono,Bogotá,Cra. 35 con Calle 80,Cra. 35 con Calle 80,García Morales,False,no_responsable_iva,2025-01-02
CLI-000139,CE,12714323,EliteManufacturing S.A.,elitemanufacturing_202@hotmail.com,347117698,celular,Bucaramanga,Cra. 25 con Calle 45,Cra. 15 con Calle 100,Gómez Martínez,True,responsable_iva,2024-11-13
CLI-000140,CE,26569026,TechSolutions E.U.,techsolutions_406@hotmail.com,359867320,celular,Cali,Cra. 10 con Calle 70,Cra. 20 con Calle 150,Jiménez Gómez,True,no_responsable_iva,2026-02-06
CLI-000141,CE,45454912,CloudNine LTDA,cloudnine_448@hotmail.com,312099412,telefono,Medellín,Cra. 10 con Calle 70,Cra. 35 con Calle 80,García Gómez,False,no_responsable_iva,2025-08-31
CLI-000142,CE,73996689,PureSource LTDA,puresource_705@hotmail.com,349735502,celular,Barranquilla,Cra. 30 con Calle 60,Cra. 25 con Calle 45,Ruiz Cruz,False,no_responsable_iva,2026-03-19
CLI-000143,NIT,55861528,EcoProducts LTDA,ecoproducts_817@gmail.com,389689144,celular,Medellín,Cra. 45 con Calle 30,Cra. 5 con Calle 50,Ramírez García,False,no_responsable_iva,2024-11-19
CLI-000144,NIT,72727408,CloudNine S.A.,cloudnine_149@empresa.com.co,343967682,telefono,Barranquilla,Cra. 35 con Calle 80,Cra. 10 con Calle 70,Pérez Gómez,False,no_responsable_iva,2025-07-06
CLI-000145,CE,14050477,NextGen S.A.,nextgen_321@empresa.com.co,354200316,telefono,Bogotá,Cra. 1 con Calle 1,Cra. 30 con Calle 60,Vargas García,False,responsable_iva,2025-01-01
CLI-000146,CC,78302931,CloudNine E.U.,cloudnine_354@yahoo.com,382153849,telefono,Barranquilla,Cra. 20 con Calle 150,Cra. 10 con Calle 70,Ramírez Ramírez,False,no_responsable_iva,2025-06-02
CLI-000147,NIT,17035536,QuantumLeap S.A.,quantumleap_323@yahoo.com,369229149,telefono,Barranquilla,Cra. 15 con Calle 100,Cra. 30 con Calle 60,Jiménez Cruz,True,no_responsable_iva,2025-08-25
CLI-000148,NIT,65039608,SustainableCorp E.U.,sustainablecorp_739@hotmail.com,341025027,telefono,Barranquilla,Cra. 45 con Calle 30,Cra. 30 con Calle 60,Martínez Pérez,False,no_responsable_iva,2025-02-09
CLI-000149,NIT,69629344,ImpactHub E.U.,impacthub_973@empresa.com.co,348381356,celular,Cali,Cra. 20 con Calle 150,Cra. 5 con Calle 50,López Martínez,True,responsable_iva,2026-04-29
CLI-000150,CC,77353700,PureSource LTDA,puresource_963@empresa.com.co,398680959,telefono,Cali,Cra. 15 con Calle 100,Cra. 30 con Calle 60,Ruiz Morales,True,responsable_iva,2025-11-04
CLI-000151,CE,34386046,TechSolutions LTDA,techsolutions_520@empresa.com.co,356751300,telefono,Cali,Cra. 40 con Calle 120,Cra. 1 con Calle 1,Pérez Vargas,True,responsable_iva,2026-06-10
CLI-000152,CC,58381606,ImpactHub LTDA,impacthub_697@hotmail.com,311502677,telefono,Barranquilla,Cra. 5 con Calle 50,Cra. 30 con Calle 60,García González,True,no_responsable_iva,2024-08-31
CLI-000153,CC,10522775,ProccessFlow E.U.,proccessflow_864@gmail.com,351028759,celular,Medellín,Cra. 25 con Calle 45,Cra. 35 con Calle 80,Cruz González,True,no_responsable_iva,2024-12-26
CLI-000154,CE,82443777,PureSource LTDA,puresource_552@gmail.com,364004311,celular,Cali,Cra. 30 con Calle 60,Cra. 30 con Calle 60,Gómez Vargas,False,responsable_iva,2025-02-25
CLI-000155,NIT,59682619,GreenEarth SAS,greenearth_521@empresa.com.co,333484087,telefono,Bucaramanga,Cra. 30 con Calle 60,Cra. 30 con Calle 60,Rodríguez Jiménez,False,responsable_iva,2024-12-13
CLI-000156,CE,29176238,InnovateMart LTDA,innovatemart_453@yahoo.com,370529112,telefono,Barranquilla,Cra. 45 con Calle 30,Cra. 1 con Calle 1,Morales García,True,no_responsable_iva,2025-02-09
CLI-000157,CE,82094404,EliteManufacturing SAS,elitemanufacturing_284@yahoo.com,341274982,celular,Medellín,Cra. 20 con Calle 150,Cra. 5 con Calle 50,Rodríguez Morales,False,responsable_iva,2024-07-20
CLI-000158,NIT,71683849,CareGroup E.U.,caregroup_590@hotmail.com,327043598,celular,Cali,Cra. 5 con Calle 50,Cra. 40 con Calle 120,Jiménez Rodríguez,False,responsable_iva,2026-02-14
CLI-000159,CE,13396955,CareGroup S.A.,caregroup_950@yahoo.com,361428853,celular,Bucaramanga,Cra. 45 con Calle 30,Cra. 20 con Calle 150,Sánchez García,False,no_responsable_iva,2025-06-26
CLI-000160,NIT,58030538,CloudNine E.U.,cloudnine_424@gmail.com,396998799,celular,Barranquilla,Cra. 25 con Calle 45,Cra. 15 con Calle 100,Martínez Morales,False,no_responsable_iva,2025-03-05
CLI-000161,CE,81683365,EliteManufacturing SAS,elitemanufacturing_105@hotmail.com,378825473,celular,Cali,Cra. 35 con Calle 80,Cra. 20 con Calle 150,Jiménez González,False,responsable_iva,2026-02-08
CLI-000162,CC,66725624,GreenEarth S.A.,greenearth_625@hotmail.com,348046071,celular,Bucaramanga,Cra. 35 con Calle 80,Cra. 30 con Calle 60,Martínez Jiménez,True,responsable_iva,2025-11-27
CLI-000163,CC,82576246,QuantumLeap E.U.,quantumleap_258@hotmail.com,331496167,celular,Bogotá,Cra. 10 con Calle 70,Cra. 1 con Calle 1,Gómez Pérez,False,responsable_iva,2025-11-30
CLI-000164,CC,93691358,GlobalTrade E.U.,globaltrade_498@yahoo.com,377746755,celular,Barranquilla,Cra. 45 con Calle 30,Cra. 45 con Calle 30,Cruz García,False,no_responsable_iva,2025-09-17
CLI-000165,CE,69601654,CyberVault S.A.,cybervault_185@yahoo.com,331719233,celular,Bucaramanga,Cra. 40 con Calle 120,Cra. 10 con Calle 70,González Morales,True,responsable_iva,2025-10-05
CLI-000166,CE,89139723,QuantumLeap LTDA,quantumleap_837@gmail.com,317946354,celular,Barranquilla,Cra. 35 con Calle 80,Cra. 1 con Calle 1,García López,False,no_responsable_iva,2025-06-19
CLI-000167,NIT,71725424,InnovateMart LTDA,innovatemart_492@yahoo.com,313959790,telefono,Cali,Cra. 35 con Calle 80,Cra. 5 con Calle 50,Ramírez Vargas,False,responsable_iva,2026-02-08
CLI-000168,CE,98575512,PowerDrive S.A.,powerdrive_726@empresa.com.co,389744524,celular,Bogotá,Cra. 35 con Calle 80,Cra. 30 con Calle 60,Rodríguez Gómez,True,responsable_iva,2024-12-27
CLI-000169,CE,29955087,GreenEarth S.A.,greenearth_332@empresa.com.co,350799753,telefono,Cali,Cra. 35 con Calle 80,Cra. 40 con Calle 120,González Morales,False,no_responsable_iva,2025-03-06
CLI-000170,CE,62358300,QuantumLeap LTDA,quantumleap_126@empresa.com.co,382874791,telefono,Medellín,Cra. 20 con Calle 150,Cra. 30 con Calle 60,Ramírez Jiménez,False,no_responsable_iva,2026-01-01
CLI-000171,NIT,26477843,GlobalTrade E.U.,globaltrade_962@gmail.com,326962494,celular,Cali,Cra. 15 con Calle 100,Cra. 10 con Calle 70,Cruz Cruz,True,responsable_iva,2025-10-12
CLI-000172,CC,39363587,PureSource E.U.,puresource_150@yahoo.com,396876988,telefono,Barranquilla,Cra. 35 con Calle 80,Cra. 45 con Calle 30,Ruiz Rodríguez,True,no_responsable_iva,2025-04-12
CLI-000173,CE,48835789,EliteManufacturing S.A.,elitemanufacturing_846@empresa.com.co,321534454,telefono,Bucaramanga,Cra. 20 con Calle 150,Cra. 5 con Calle 50,Gómez Ruiz,True,no_responsable_iva,2025-05-31
CLI-000174,CE,22927548,SpeedForward LTDA,speedforward_467@empresa.com.co,353434135,celular,Barranquilla,Cra. 25 con Calle 45,Cra. 45 con Calle 30,Martínez Ramírez,True,no_responsable_iva,2025-07-27
CLI-000175,CE,40975211,SmartBuild S.A.,smartbuild_817@gmail.com,377618904,telefono,Barranquilla,Cra. 35 con Calle 80,Cra. 40 con Calle 120,Gómez Jiménez,False,no_responsable_iva,2026-03-31
CLI-000176,NIT,84157757,ValueChain E.U.,valuechain_952@yahoo.com,356821182,telefono,Cali,Cra. 1 con Calle 1,Cra. 35 con Calle 80,Vargas González,True,no_responsable_iva,2024-08-05
CLI-000177,NIT,23235335,SkyBridge E.U.,skybridge_584@empresa.com.co,317070094,celular,Bogotá,Cra. 5 con Calle 50,Cra. 45 con Calle 30,Vargas Torres,True,responsable_iva,2024-07-27
CLI-000178,NIT,89427097,SkyBridge LTDA,skybridge_966@hotmail.com,397424071,telefono,Bogotá,Cra. 5 con Calle 50,Cra. 10 con Calle 70,Vargas Gómez,False,responsable_iva,2025-10-31
CLI-000179,CC,89923823,CloudNine LTDA,cloudnine_578@gmail.com,375362327,telefono,Bogotá,Cra. 35 con Calle 80,Cra. 25 con Calle 45,López Morales,False,no_responsable_iva,2024-10-12
CLI-000180,NIT,89184059,ImpactHub SAS,impacthub_402@gmail.com,382455544,telefono,Medellín,Cra. 30 con Calle 60,Cra. 40 con Calle 120,Martínez Jiménez,False,responsable_iva,2025-12-25
CLI-000181,NIT,14227743,GlobalTrade SAS,globaltrade_607@yahoo.com,381987875,celular,Cali,Cra. 30 con Calle 60,Cra. 5 con Calle 50,Gómez Pérez,True,no_responsable_iva,2024-08-13
CLI-000182,CC,13624214,PowerDrive E.U.,powerdrive_834@empresa.com.co,377757618,telefono,Barranquilla,Cra. 40 con Calle 120,Cra. 30 con Calle 60,Cruz Morales,False,no_responsable_iva,2025-04-03
CLI-000183,CE,40845222,GreenEarth SAS,greenearth_310@yahoo.com,336970895,celular,Cali,Cra. 20 con Calle 150,Cra. 40 con Calle 120,Martínez Morales,False,responsable_iva,2025-05-06
CLI-000184,CC,40159486,PremiumServices SAS,premiumservices_665@hotmail.com,370971911,celular,Cali,Cra. 25 con Calle 45,Cra. 45 con Calle 30,Sánchez Cruz,True,responsable_iva,2026-05-16
CLI-000185,CC,25207325,InterConnect E.U.,interconnect_269@hotmail.com,329175928,telefono,Bogotá,Cra. 25 con Calle 45,Cra. 5 con Calle 50,Pérez Cruz,True,responsable_iva,2026-02-03
CLI-000186,NIT,33637591,SmartBuild S.A.,smartbuild_567@gmail.com,345735183,celular,Cali,Cra. 35 con Calle 80,Cra. 1 con Calle 1,Gómez Torres,False,no_responsable_iva,2026-03-16
CLI-000187,CC,46947083,DigitalPulse SAS,digitalpulse_988@gmail.com,387952459,celular,Cali,Cra. 35 con Calle 80,Cra. 35 con Calle 80,González Jiménez,True,no_responsable_iva,2024-09-11
CLI-000188,CE,84416232,CloudNine SAS,cloudnine_242@yahoo.com,331419535,celular,Medellín,Cra. 45 con Calle 30,Cra. 45 con Calle 30,González López,False,no_responsable_iva,2024-12-06
CLI-000189,NIT,16034560,DigitalPulse SAS,digitalpulse_192@gmail.com,387277841,telefono,Medellín,Cra. 45 con Calle 30,Cra. 35 con Calle 80,Cruz Sánchez,False,responsable_iva,2026-06-11
CLI-000190,CE,69786416,EliteManufacturing E.U.,elitemanufacturing_247@gmail.com,342827284,telefono,Barranquilla,Cra. 40 con Calle 120,Cra. 25 con Calle 45,Martínez Gómez,False,no_responsable_iva,2024-12-26
CLI-000191,CC,26672597,VentureTech S.A.,venturetech_471@gmail.com,372359947,telefono,Barranquilla,Cra. 15 con Calle 100,Cra. 30 con Calle 60,Cruz Ruiz,False,no_responsable_iva,2025-03-25
CLI-000192,CE,56511047,CloudNine SAS,cloudnine_543@empresa.com.co,384763918,telefono,Cali,Cra. 35 con Calle 80,Cra. 1 con Calle 1,García Pérez,True,no_responsable_iva,2024-11-13
CLI-000193,CE,70864617,FutureWorks LTDA,futureworks_171@yahoo.com,373403743,telefono,Barranquilla,Cra. 1 con Calle 1,Cra. 10 con Calle 70,Torres Ramírez,False,responsable_iva,2025-10-16
CLI-000194,NIT,19083675,SustainableCorp S.A.,sustainablecorp_862@yahoo.com,342309204,telefono,Bucaramanga,Cra. 25 con Calle 45,Cra. 30 con Calle 60,Ruiz González,True,no_responsable_iva,2025-11-12
CLI-000195,CE,51281961,DigitalPulse SAS,digitalpulse_357@yahoo.com,319392570,telefono,Bucaramanga,Cra. 5 con Calle 50,Cra. 10 con Calle 70,López Gómez,False,no_responsable_iva,2024-10-29
CLI-000196,CC,33650648,SmartBuild SAS,smartbuild_856@hotmail.com,398521123,celular,Bogotá,Cra. 20 con Calle 150,Cra. 5 con Calle 50,López López,True,no_responsable_iva,2026-02-08
CLI-000197,CE,11570435,InnovateMart SAS,innovatemart_688@yahoo.com,373737292,celular,Bucaramanga,Cra. 15 con Calle 100,Cra. 45 con Calle 30,Cruz Cruz,False,no_responsable_iva,2024-09-27
CLI-000198,CC,37913865,FutureWorks S.A.,futureworks_640@yahoo.com,378001694,telefono,Medellín,Cra. 40 con Calle 120,Cra. 15 con Calle 100,Ramírez González,False,no_responsable_iva,2025-04-13
CLI-000199,CC,53035876,InterConnect LTDA,interconnect_924@empresa.com.co,348522618,telefono,Bucaramanga,Cra. 40 con Calle 120,Cra. 45 con Calle 30,Torres Sánchez,False,responsable_iva,2024-12-05
CLI-000200,NIT,57304048,GlobalTrade LTDA,globaltrade_448@empresa.com.co,398029749,telefono,Bucaramanga,Cra. 1 con Calle 1,Cra. 35 con Calle 80,Gómez Ruiz,False,responsable_iva,2025-07-25
CLI-000201,CE,52962351,ValueChain E.U.,valuechain_340@yahoo.com,377344076,celular,Bogotá,Cra. 35 con Calle 80,Cra. 20 con Calle 150,Vargas Cruz,False,no_responsable_iva,2024-10-27
CLI-000202,CE,29262400,VentureTech E.U.,venturetech_159@empresa.com.co,330099889,celular,Barranquilla,Cra. 40 con Calle 120,Cra. 25 con Calle 45,García García,True,no_responsable_iva,2024-08-13
CLI-000203,NIT,53691302,GreenEarth E.U.,greenearth_452@yahoo.com,391375110,telefono,Bogotá,Cra. 35 con Calle 80,Cra. 25 con Calle 45,Vargas Martínez,True,responsable_iva,2026-02-10
CLI-000204,NIT,13344921,InterConnect S.A.,interconnect_884@yahoo.com,346737048,celular,Bucaramanga,Cra. 20 con Calle 150,Cra. 30 con Calle 60,Cruz Ramírez,False,responsable_iva,2024-10-18
CLI-000205,CE,19918677,NextGen E.U.,nextgen_672@yahoo.com,387039057,telefono,Medellín,Cra. 10 con Calle 70,Cra. 40 con Calle 120,Rodríguez Rodríguez,False,no_responsable_iva,2025-03-07
CLI-000206,NIT,64412906,FutureWorks E.U.,futureworks_997@hotmail.com,398062693,celular,Bucaramanga,Cra. 40 con Calle 120,Cra. 5 con Calle 50,Cruz Pérez,True,no_responsable_iva,2024-08-14
CLI-000207,CE,24077348,PowerDrive S.A.,powerdrive_114@empresa.com.co,318245710,celular,Cali,Cra. 20 con Calle 150,Cra. 35 con Calle 80,González Vargas,True,responsable_iva,2026-03-23
CLI-000208,CC,25757464,CloudNine E.U.,cloudnine_529@gmail.com,342085547,celular,Medellín,Cra. 20 con Calle 150,Cra. 40 con Calle 120,García Gómez,True,no_responsable_iva,2025-02-16
CLI-000209,CE,66577440,ProccessFlow SAS,proccessflow_236@gmail.com,366587089,celular,Bucaramanga,Cra. 45 con Calle 30,Cra. 45 con Calle 30,Gómez González,False,no_responsable_iva,2024-07-14
CLI-000210,CE,38100441,QuantumLeap E.U.,quantumleap_364@hotmail.com,395454636,celular,Bogotá,Cra. 20 con Calle 150,Cra. 20 con Calle 150,Gómez Rodríguez,True,responsable_iva,2025-04-17
CLI-000211,NIT,95046056,SmartBuild S.A.,smartbuild_632@hotmail.com,378299253,celular,Bucaramanga,Cra. 25 con Calle 45,Cra. 25 con Calle 45,Gómez Torres,False,responsable_iva,2025-08-09
CLI-000212,CC,93663890,PowerDrive E.U.,powerdrive_803@hotmail.com,347189744,celular,Barranquilla,Cra. 20 con Calle 150,Cra. 25 con Calle 45,García Ruiz,False,no_responsable_iva,2024-07-25
CLI-000213,CE,30748518,ProccessFlow S.A.,proccessflow_295@empresa.com.co,378758360,telefono,Bogotá,Cra. 25 con Calle 45,Cra. 20 con Calle 150,Cruz Rodríguez,False,no_responsable_iva,2026-01-14
CLI-000214,NIT,95287955,ValueChain LTDA,valuechain_185@empresa.com.co,349796190,telefono,Bucaramanga,Cra. 40 con Calle 120,Cra. 15 con Calle 100,Torres López,True,responsable_iva,2025-12-24
CLI-000215,CC,31295919,PremiumServices LTDA,premiumservices_790@empresa.com.co,315906198,celular,Bucaramanga,Cra. 1 con Calle 1,Cra. 10 con Calle 70,Gómez Pérez,True,responsable_iva,2024-11-30
CLI-000216,NIT,46455786,NextGen E.U.,nextgen_149@hotmail.com,379051162,celular,Bogotá,Cra. 5 con Calle 50,Cra. 10 con Calle 70,Vargas Jiménez,False,responsable_iva,2024-11-16
CLI-000217,CE,39415393,GlobalTrade SAS,globaltrade_958@empresa.com.co,387044527,celular,Bucaramanga,Cra. 35 con Calle 80,Cra. 25 con Calle 45,Rodríguez García,True,no_responsable_iva,2024-07-14
CLI-000218,CC,39762027,PowerDrive S.A.,powerdrive_665@empresa.com.co,359207940,telefono,Cali,Cra. 20 con Calle 150,Cra. 20 con Calle 150,Torres Jiménez,False,no_responsable_iva,2025-03-18
CLI-000219,CC,19862031,InnovateMart SAS,innovatemart_276@yahoo.com,366738173,celular,Medellín,Cra. 25 con Calle 45,Cra. 25 con Calle 45,González González,True,responsable_iva,2025-07-29
CLI-000220,CE,35897973,PremiumServices LTDA,premiumservices_316@hotmail.com,352006877,telefono,Cali,Cra. 20 con Calle 150,Cra. 40 con Calle 120,Martínez Cruz,True,responsable_iva,2024-09-15
CLI-000221,NIT,20044625,SkyBridge SAS,skybridge_411@hotmail.com,329558159,celular,Bogotá,Cra. 5 con Calle 50,Cra. 45 con Calle 30,González Martínez,False,responsable_iva,2025-11-09
CLI-000222,CC,72958786,GlobalTrade S.A.,globaltrade_704@hotmail.com,364171754,telefono,Bogotá,Cra. 40 con Calle 120,Cra. 45 con Calle 30,Rodríguez García,True,no_responsable_iva,2024-09-09
CLI-000223,CE,78557011,FastLogistics LTDA,fastlogistics_570@gmail.com,329394375,telefono,Bogotá,Cra. 5 con Calle 50,Cra. 5 con Calle 50,Torres Ruiz,False,responsable_iva,2024-12-18
CLI-000224,CE,81140184,VentureTech SAS,venturetech_896@hotmail.com,357408074,telefono,Medellín,Cra. 20 con Calle 150,Cra. 25 con Calle 45,Torres Pérez,False,no_responsable_iva,2026-02-03
CLI-000225,CC,57971024,QuantumLeap SAS,quantumleap_265@yahoo.com,370807142,celular,Medellín,Cra. 15 con Calle 100,Cra. 20 con Calle 150,Morales Vargas,True,responsable_iva,2025-11-26
CLI-000226,NIT,11565030,PureSource E.U.,puresource_290@hotmail.com,348511504,telefono,Bogotá,Cra. 25 con Calle 45,Cra. 25 con Calle 45,Morales Martínez,False,no_responsable_iva,2025-02-07
CLI-000227,CE,79620183,PremiumServices SAS,premiumservices_434@hotmail.com,375065648,celular,Bucaramanga,Cra. 40 con Calle 120,Cra. 25 con Calle 45,Ruiz Sánchez,False,no_responsable_iva,2025-06-04
CLI-000228,CC,96965483,DigitalPulse S.A.,digitalpulse_853@yahoo.com,376316544,telefono,Cali,Cra. 10 con Calle 70,Cra. 45 con Calle 30,Torres Ramírez,True,responsable_iva,2026-01-03
CLI-000229,CE,29155064,ImpactHub E.U.,impacthub_904@gmail.com,370899449,telefono,Bogotá,Cra. 25 con Calle 45,Cra. 20 con Calle 150,Cruz Vargas,False,responsable_iva,2026-04-27
CLI-000230,CE,66353914,EliteManufacturing LTDA,elitemanufacturing_785@empresa.com.co,365355076,telefono,Bogotá,Cra. 35 con Calle 80,Cra. 10 con Calle 70,Morales Cruz,False,responsable_iva,2026-01-07
CLI-000231,CC,15406850,ValueChain S.A.,valuechain_541@gmail.com,358907050,telefono,Barranquilla,Cra. 15 con Calle 100,Cra. 45 con Calle 30,González González,False,responsable_iva,2025-01-23
CLI-000232,CE,43521775,CyberVault LTDA,cybervault_465@empresa.com.co,321945741,celular,Bucaramanga,Cra. 30 con Calle 60,Cra. 45 con Calle 30,Rodríguez Jiménez,True,no_responsable_iva,2026-02-26
CLI-000233,CC,10019051,CyberVault S.A.,cybervault_807@yahoo.com,387715188,telefono,Cali,Cra. 30 con Calle 60,Cra. 20 con Calle 150,Ruiz Torres,True,no_responsable_iva,2025-09-21
CLI-000234,CE,43559024,GlobalTrade SAS,globaltrade_600@hotmail.com,370759395,telefono,Cali,Cra. 10 con Calle 70,Cra. 25 con Calle 45,Ramírez Rodríguez,True,no_responsable_iva,2024-12-23
CLI-000235,CC,73996620,NextGen E.U.,nextgen_145@gmail.com,331950631,telefono,Barranquilla,Cra. 15 con Calle 100,Cra. 15 con Calle 100,González Vargas,False,no_responsable_iva,2026-02-10
CLI-000236,CC,45640640,GlobalTrade E.U.,globaltrade_786@hotmail.com,340410979,telefono,Barranquilla,Cra. 1 con Calle 1,Cra. 45 con Calle 30,Martínez Vargas,False,responsable_iva,2024-10-05
CLI-000237,CC,60415350,TechSolutions E.U.,techsolutions_477@hotmail.com,335213580,telefono,Barranquilla,Cra. 30 con Calle 60,Cra. 15 con Calle 100,Cruz Rodríguez,True,responsable_iva,2025-08-10
CLI-000238,CC,20890163,SmartBuild SAS,smartbuild_915@gmail.com,325295015,celular,Cali,Cra. 20 con Calle 150,Cra. 40 con Calle 120,Torres García,False,no_responsable_iva,2025-08-17
CLI-000239,CE,74088510,CloudNine SAS,cloudnine_570@empresa.com.co,316971260,celular,Cali,Cra. 15 con Calle 100,Cra. 45 con Calle 30,López Ramírez,True,responsable_iva,2026-02-25
CLI-000240,CC,72203651,CyberVault LTDA,cybervault_650@empresa.com.co,337127198,celular,Bucaramanga,Cra. 1 con Calle 1,Cra. 45 con Calle 30,Jiménez Ramírez,False,responsable_iva,2024-08-16
CLI-000241,NIT,81911994,DigitalPulse S.A.,digitalpulse_211@gmail.com,321107695,telefono,Bogotá,Cra. 35 con Calle 80,Cra. 25 con Calle 45,Ruiz González,False,no_responsable_iva,2026-02-08
CLI-000242,CC,48103385,ProccessFlow SAS,proccessflow_119@yahoo.com,372289166,celular,Medellín,Cra. 20 con Calle 150,Cra. 45 con Calle 30,Cruz Vargas,False,responsable_iva,2024-11-14
CLI-000243,CE,79531833,ImpactHub SAS,impacthub_154@yahoo.com,367037791,celular,Cali,Cra. 20 con Calle 150,Cra. 10 con Calle 70,Ramírez Torres,False,responsable_iva,2026-04-30
CLI-000244,CC,85795631,DigitalPulse SAS,digitalpulse_164@yahoo.com,348126909,telefono,Bucaramanga,Cra. 20 con Calle 150,Cra. 30 con Calle 60,Rodríguez Gómez,True,responsable_iva,2025-10-07
CLI-000245,NIT,63462967,DigitalPulse LTDA,digitalpulse_182@empresa.com.co,320439864,celular,Cali,Cra. 5 con Calle 50,Cra. 5 con Calle 50,Ruiz González,True,no_responsable_iva,2025-10-28
CLI-000246,CC,59827420,ValueChain LTDA,valuechain_824@gmail.com,386944554,telefono,Bogotá,Cra. 25 con Calle 45,Cra. 10 con Calle 70,Cruz Cruz,True,no_responsable_iva,2024-12-16
CLI-000247,CC,62051035,PowerDrive S.A.,powerdrive_636@gmail.com,312742401,celular,Barranquilla,Cra. 30 con Calle 60,Cra. 45 con Calle 30,Jiménez Ruiz,False,responsable_iva,2025-06-17
CLI-000248,NIT,41917435,PremiumServices LTDA,premiumservices_394@yahoo.com,360372383,telefono,Bogotá,Cra. 35 con Calle 80,Cra. 20 con Calle 150,Jiménez Gómez,True,no_responsable_iva,2025-04-07
CLI-000249,CE,58115067,CareGroup E.U.,caregroup_795@empresa.com.co,362058147,celular,Cali,Cra. 5 con Calle 50,Cra. 40 con Calle 120,Sánchez García,True,no_responsable_iva,2025-03-28
CLI-000250,CE,73797101,SkyBridge S.A.,skybridge_343@empresa.com.co,335509609,celular,Bogotá,Cra. 45 con Calle 30,Cra. 45 con Calle 30,García Morales,False,responsable_iva,2025-01-21
CLI-000251,NIT,41172374,TechSolutions E.U.,techsolutions_637@hotmail.com,339199498,telefono,Medellín,Cra. 25 con Calle 45,Cra. 5 con Calle 50,Pérez Cruz,True,responsable_iva,2026-05-02
CLI-000252,CE,82288368,SustainableCorp S.A.,sustainablecorp_958@empresa.com.co,332549522,celular,Medellín,Cra. 1 con Calle 1,Cra. 30 con Calle 60,Sánchez Morales,False,no_responsable_iva,2025-08-22
CLI-000253,NIT,46957272,PureSource SAS,puresource_274@gmail.com,354626818,celular,Medellín,Cra. 30 con Calle 60,Cra. 30 con Calle 60,Rodríguez López,False,no_responsable_iva,2025-12-27
CLI-000254,NIT,73357457,PureSource E.U.,puresource_102@gmail.com,355041327,celular,Medellín,Cra. 45 con Calle 30,Cra. 45 con Calle 30,Gómez Sánchez,True,no_responsable_iva,2025-06-02
CLI-000255,CC,86097248,ValueChain S.A.,valuechain_626@hotmail.com,360289104,telefono,Bucaramanga,Cra. 30 con Calle 60,Cra. 20 con Calle 150,López Sánchez,False,no_responsable_iva,2025-01-25
CLI-000256,NIT,20490283,TechSolutions E.U.,techsolutions_662@empresa.com.co,340890890,telefono,Bogotá,Cra. 25 con Calle 45,Cra. 30 con Calle 60,Ramírez Rodríguez,False,no_responsable_iva,2024-12-20
CLI-000257,CC,94355672,FutureWorks E.U.,futureworks_694@empresa.com.co,346125770,celular,Medellín,Cra. 15 con Calle 100,Cra. 15 con Calle 100,Pérez Ramírez,True,no_responsable_iva,2024-10-31
CLI-000258,CC,54506268,InterConnect S.A.,interconnect_289@hotmail.com,318329417,telefono,Medellín,Cra. 5 con Calle 50,Cra. 20 con Calle 150,Ruiz Morales,False,responsable_iva,2025-01-06
CLI-000259,CC,42715534,CareGroup E.U.,caregroup_430@empresa.com.co,367699008,celular,Bogotá,Cra. 20 con Calle 150,Cra. 35 con Calle 80,González Ramírez,False,no_responsable_iva,2026-06-03
CLI-000260,CE,15003883,ProccessFlow SAS,proccessflow_808@gmail.com,342390674,telefono,Bogotá,Cra. 30 con Calle 60,Cra. 25 con Calle 45,Gómez Ramírez,False,no_responsable_iva,2025-07-01
CLI-000261,CE,99665772,QuantumLeap S.A.,quantumleap_623@gmail.com,386426265,telefono,Cali,Cra. 35 con Calle 80,Cra. 25 con Calle 45,Ruiz Rodríguez,True,no_responsable_iva,2026-03-12
CLI-000262,NIT,46049370,CareGroup S.A.,caregroup_443@hotmail.com,363291108,celular,Barranquilla,Cra. 5 con Calle 50,Cra. 15 con Calle 100,Sánchez Ramírez,True,responsable_iva,2025-02-06
CLI-000263,CE,31988959,DirectSupply SAS,directsupply_661@empresa.com.co,369285293,telefono,Cali,Cra. 15 con Calle 100,Cra. 45 con Calle 30,López López,True,responsable_iva,2025-09-02
CLI-000264,NIT,94370566,PowerDrive SAS,powerdrive_878@hotmail.com,336468809,telefono,Medellín,Cra. 20 con Calle 150,Cra. 1 con Calle 1,Ramírez González,False,no_responsable_iva,2026-03-29
CLI-000265,CE,56567791,DirectSupply LTDA,directsupply_927@gmail.com,393268308,telefono,Bucaramanga,Cra. 5 con Calle 50,Cra. 45 con Calle 30,González Jiménez,False,no_responsable_iva,2025-05-18
CLI-000266,NIT,38343479,DirectSupply E.U.,directsupply_432@hotmail.com,362555450,celular,Cali,Cra. 45 con Calle 30,Cra. 40 con Calle 120,Ramírez Gómez,False,responsable_iva,2025-02-17
CLI-000267,CE,84308933,CloudNine S.A.,cloudnine_776@empresa.com.co,336461573,telefono,Bucaramanga,Cra. 1 con Calle 1,Cra. 10 con Calle 70,González Rodríguez,True,no_responsable_iva,2025-06-24
CLI-000268,CC,21560755,InterConnect S.A.,interconnect_404@gmail.com,358115098,celular,Medellín,Cra. 10 con Calle 70,Cra. 10 con Calle 70,Morales Ruiz,True,no_responsable_iva,2025-10-12
CLI-000269,NIT,92280641,CyberVault LTDA,cybervault_269@hotmail.com,374121983,telefono,Bogotá,Cra. 10 con Calle 70,Cra. 45 con Calle 30,Pérez Torres,True,responsable_iva,2024-08-15
CLI-000270,CE,69919622,DirectSupply E.U.,directsupply_635@hotmail.com,382898264,celular,Medellín,Cra. 10 con Calle 70,Cra. 45 con Calle 30,Cruz Ramírez,False,responsable_iva,2025-03-22
CLI-000271,NIT,93306360,ImpactHub E.U.,impacthub_570@gmail.com,314866220,telefono,Cali,Cra. 5 con Calle 50,Cra. 5 con Calle 50,Cruz Vargas,False,responsable_iva,2025-06-20
CLI-000272,CC,43377213,QuantumLeap SAS,quantumleap_645@empresa.com.co,319449690,celular,Bucaramanga,Cra. 1 con Calle 1,Cra. 35 con Calle 80,Vargas Sánchez,True,no_responsable_iva,2025-12-11
CLI-000273,NIT,79487819,ValueChain SAS,valuechain_810@gmail.com,380976280,telefono,Bucaramanga,Cra. 30 con Calle 60,Cra. 1 con Calle 1,García Gómez,False,no_responsable_iva,2025-07-02
CLI-000274,NIT,11245395,ValueChain S.A.,valuechain_250@hotmail.com,351549456,telefono,Bucaramanga,Cra. 45 con Calle 30,Cra. 25 con Calle 45,Ramírez Ruiz,False,no_responsable_iva,2024-08-15
CLI-000275,CC,48890324,GreenEarth SAS,greenearth_552@gmail.com,367827006,celular,Barranquilla,Cra. 40 con Calle 120,Cra. 35 con Calle 80,Martínez López,False,responsable_iva,2025-01-06
CLI-000276,NIT,76581055,PremiumServices S.A.,premiumservices_667@hotmail.com,380095033,telefono,Medellín,Cra. 45 con Calle 30,Cra. 25 con Calle 45,López Ruiz,True,responsable_iva,2026-01-06
CLI-000277,NIT,49833675,CareGroup S.A.,caregroup_524@gmail.com,399811879,telefono,Bucaramanga,Cra. 45 con Calle 30,Cra. 30 con Calle 60,Ruiz Rodríguez,True,responsable_iva,2025-01-16
CLI-000278,CE,74498542,InterConnect E.U.,interconnect_965@empresa.com.co,336351810,celular,Bogotá,Cra. 30 con Calle 60,Cra. 35 con Calle 80,López Ramírez,False,responsable_iva,2025-02-26
CLI-000279,NIT,20897816,GreenEarth LTDA,greenearth_727@hotmail.com,365665048,celular,Bucaramanga,Cra. 25 con Calle 45,Cra. 1 con Calle 1,Cruz García,True,no_responsable_iva,2025-10-01
CLI-000280,CE,59592634,SpeedForward SAS,speedforward_633@gmail.com,372192816,celular,Bogotá,Cra. 15 con Calle 100,Cra. 1 con Calle 1,García Ramírez,True,responsable_iva,2025-11-29
CLI-000281,CE,41800001,CareGroup LTDA,caregroup_407@yahoo.com,321489177,telefono,Cali,Cra. 20 con Calle 150,Cra. 15 con Calle 100,Rodríguez Cruz,True,no_responsable_iva,2024-09-25
CLI-000282,CC,71812127,CyberVault S.A.,cybervault_997@gmail.com,322072090,celular,Bucaramanga,Cra. 30 con Calle 60,Cra. 5 con Calle 50,Morales Sánchez,True,no_responsable_iva,2025-03-20
CLI-000283,CC,88744883,PremiumServices LTDA,premiumservices_382@gmail.com,334289581,celular,Bogotá,Cra. 30 con Calle 60,Cra. 10 con Calle 70,Ruiz Rodríguez,False,no_responsable_iva,2026-06-09
CLI-000284,CE,27204293,SustainableCorp SAS,sustainablecorp_938@gmail.com,340849279,celular,Bogotá,Cra. 35 con Calle 80,Cra. 25 con Calle 45,Jiménez Gómez,False,no_responsable_iva,2025-04-29
CLI-000285,CE,64533023,GreenEarth E.U.,greenearth_124@empresa.com.co,321294091,celular,Bucaramanga,Cra. 35 con Calle 80,Cra. 25 con Calle 45,Morales Ruiz,True,responsable_iva,2024-09-20
CLI-000286,CE,61822980,EcoProducts LTDA,ecoproducts_485@empresa.com.co,315820955,celular,Cali,Cra. 45 con Calle 30,Cra. 40 con Calle 120,Rodríguez Rodríguez,True,responsable_iva,2026-02-23
CLI-000287,NIT,11765501,SmartBuild LTDA,smartbuild_389@yahoo.com,356360913,telefono,Cali,Cra. 45 con Calle 30,Cra. 20 con Calle 150,Jiménez Rodríguez,False,no_responsable_iva,2025-05-24
CLI-000288,NIT,12422872,EliteManufacturing SAS,elitemanufacturing_469@gmail.com,358235980,telefono,Medellín,Cra. 5 con Calle 50,Cra. 5 con Calle 50,Sánchez Morales,True,no_responsable_iva,2024-07-30
CLI-000289,CE,70351924,VentureTech SAS,venturetech_230@yahoo.com,324101972,celular,Medellín,Cra. 1 con Calle 1,Cra. 25 con Calle 45,Cruz Martínez,True,no_responsable_iva,2024-09-10
CLI-000290,CE,98690400,DirectSupply E.U.,directsupply_282@yahoo.com,395893905,celular,Bogotá,Cra. 5 con Calle 50,Cra. 10 con Calle 70,Ruiz Martínez,True,no_responsable_iva,2025-05-14
CLI-000291,CC,30119196,SmartBuild SAS,smartbuild_861@hotmail.com,396898598,telefono,Medellín,Cra. 45 con Calle 30,Cra. 35 con Calle 80,Morales Ramírez,True,responsable_iva,2024-11-24
CLI-000292,CC,87651113,SmartBuild SAS,smartbuild_516@hotmail.com,312379142,celular,Barranquilla,Cra. 45 con Calle 30,Cra. 1 con Calle 1,Sánchez González,False,responsable_iva,2025-05-09
CLI-000293,CC,17060219,QuantumLeap E.U.,quantumleap_486@hotmail.com,324957331,celular,Medellín,Cra. 5 con Calle 50,Cra. 30 con Calle 60,González López,True,responsable_iva,2024-11-13
CLI-000294,CC,63682348,SpeedForward LTDA,speedforward_955@empresa.com.co,379323442,celular,Barranquilla,Cra. 45 con Calle 30,Cra. 40 con Calle 120,Rodríguez Sánchez,False,responsable_iva,2026-02-16
CLI-000295,CC,53328301,DigitalPulse LTDA,digitalpulse_306@yahoo.com,383884456,telefono,Bucaramanga,Cra. 30 con Calle 60,Cra. 10 con Calle 70,López García,True,responsable_iva,2026-01-12
CLI-000296,CC,75794254,ProccessFlow E.U.,proccessflow_547@empresa.com.co,369386201,celular,Barranquilla,Cra. 10 con Calle 70,Cra. 35 con Calle 80,Martínez González,True,no_responsable_iva,2026-04-19
CLI-000297,NIT,88175201,InterConnect S.A.,interconnect_938@yahoo.com,385753979,celular,Cali,Cra. 30 con Calle 60,Cra. 40 con Calle 120,Ruiz Ramírez,True,no_responsable_iva,2025-04-15
CLI-000298,CE,49347478,PowerDrive SAS,powerdrive_399@empresa.com.co,334667871,celular,Cali,Cra. 40 con Calle 120,Cra. 5 con Calle 50,Vargas Torres,True,no_responsable_iva,2025-09-10
CLI-000299,CC,14209046,CyberVault SAS,cybervault_848@hotmail.com,371888380,celular,Barranquilla,Cra. 10 con Calle 70,Cra. 5 con Calle 50,González Sánchez,True,no_responsable_iva,2025-10-08
CLI-000300,CE,79177993,PowerDrive E.U.,powerdrive_787@gmail.com,387210286,telefono,Bogotá,Cra. 5 con Calle 50,Cra. 30 con Calle 60,Ramírez Rodríguez,False,responsable_iva,2024-11-12
CLI-000301,CE,43169342,EliteManufacturing E.U.,elitemanufacturing_964@hotmail.com,386418772,telefono,Bucaramanga,Cra. 35 con Calle 80,Cra. 15 con Calle 100,Torres Cruz,True,responsable_iva,2026-06-05
CLI-000302,NIT,15072919,SkyBridge LTDA,skybridge_735@yahoo.com,324296438,telefono,Barranquilla,Cra. 1 con Calle 1,Cra. 25 con Calle 45,Pérez Ruiz,False,no_responsable_iva,2025-11-11
CLI-000303,CC,24973319,NextGen LTDA,nextgen_464@hotmail.com,324882789,telefono,Bogotá,Cra. 1 con Calle 1,Cra. 30 con Calle 60,López García,False,no_responsable_iva,2026-03-18
CLI-000304,NIT,66208326,SkyBridge E.U.,skybridge_497@empresa.com.co,375351412,telefono,Bogotá,Cra. 10 con Calle 70,Cra. 15 con Calle 100,Ramírez Ramírez,False,no_responsable_iva,2025-03-18
CLI-000305,CC,90288996,InnovateMart E.U.,innovatemart_816@empresa.com.co,338169163,telefono,Medellín,Cra. 30 con Calle 60,Cra. 15 con Calle 100,Jiménez Morales,False,responsable_iva,2024-08-17
CLI-000306,NIT,98195869,PureSource LTDA,puresource_541@gmail.com,361572919,telefono,Medellín,Cra. 5 con Calle 50,Cra. 1 con Calle 1,López López,False,no_responsable_iva,2024-10-26
CLI-000307,CC,82351771,SpeedForward S.A.,speedforward_524@yahoo.com,376749373,telefono,Bucaramanga,Cra. 5 con Calle 50,Cra. 35 con Calle 80,Ruiz Morales,False,responsable_iva,2024-07-20
CLI-000308,NIT,70060579,QuantumLeap S.A.,quantumleap_998@hotmail.com,366498907,celular,Cali,Cra. 30 con Calle 60,Cra. 40 con Calle 120,Pérez Jiménez,True,no_responsable_iva,2026-05-20
CLI-000309,CE,38081398,TechSolutions E.U.,techsolutions_921@gmail.com,368444097,telefono,Bucaramanga,Cra. 45 con Calle 30,Cra. 20 con Calle 150,Morales Martínez,False,responsable_iva,2024-08-18
CLI-000310,CE,63241925,CyberVault E.U.,cybervault_750@yahoo.com,324885629,celular,Medellín,Cra. 20 con Calle 150,Cra. 5 con Calle 50,González Martínez,True,responsable_iva,2026-02-20
CLI-000311,CE,70499697,InterConnect LTDA,interconnect_636@gmail.com,365956496,telefono,Bucaramanga,Cra. 45 con Calle 30,Cra. 20 con Calle 150,Ramírez Torres,True,no_responsable_iva,2025-07-21
CLI-000312,CC,11881666,FutureWorks LTDA,futureworks_738@hotmail.com,321608055,celular,Medellín,Cra. 5 con Calle 50,Cra. 15 con Calle 100,López González,True,no_responsable_iva,2024-10-07
CLI-000313,NIT,69904947,PowerDrive LTDA,powerdrive_605@yahoo.com,375250348,celular,Medellín,Cra. 5 con Calle 50,Cra. 15 con Calle 100,Martínez Ramírez,False,responsable_iva,2026-03-06
CLI-000314,CC,56131796,EcoProducts SAS,ecoproducts_592@gmail.com,361840173,telefono,Medellín,Cra. 15 con Calle 100,Cra. 40 con Calle 120,Torres Pérez,True,no_responsable_iva,2025-06-21
CLI-000315,CC,59817536,VentureTech SAS,venturetech_608@empresa.com.co,384018990,telefono,Bucaramanga,Cra. 35 con Calle 80,Cra. 20 con Calle 150,Ramírez González,False,no_responsable_iva,2026-02-17
CLI-000316,CE,53415841,SpeedForward SAS,speedforward_930@gmail.com,336840772,telefono,Barranquilla,Cra. 25 con Calle 45,Cra. 1 con Calle 1,Torres Vargas,False,responsable_iva,2025-01-25
CLI-000317,CC,32267845,SustainableCorp S.A.,sustainablecorp_267@empresa.com.co,379098003,celular,Bucaramanga,Cra. 20 con Calle 150,Cra. 25 con Calle 45,Torres Martínez,False,no_responsable_iva,2025-11-03
CLI-000318,CE,28589288,TechSolutions SAS,techsolutions_881@gmail.com,313834100,telefono,Cali,Cra. 45 con Calle 30,Cra. 35 con Calle 80,Ramírez Rodríguez,False,no_responsable_iva,2025-10-29
CLI-000319,CC,45701969,PowerDrive S.A.,powerdrive_808@gmail.com,335400988,celular,Barranquilla,Cra. 35 con Calle 80,Cra. 25 con Calle 45,García Cruz,False,no_responsable_iva,2024-10-12
CLI-000320,CE,96339875,VentureTech SAS,venturetech_274@gmail.com,355812167,telefono,Bogotá,Cra. 35 con Calle 80,Cra. 10 con Calle 70,Sánchez Sánchez,True,responsable_iva,2025-05-22
CLI-000321,CE,68105052,DigitalPulse E.U.,digitalpulse_764@hotmail.com,372361949,celular,Bogotá,Cra. 10 con Calle 70,Cra. 20 con Calle 150,García Ruiz,False,no_responsable_iva,2026-04-25
CLI-000322,CE,19725985,ImpactHub LTDA,impacthub_256@gmail.com,395518502,telefono,Medellín,Cra. 40 con Calle 120,Cra. 15 con Calle 100,Jiménez Ruiz,False,no_responsable_iva,2025-05-27
CLI-000323,CE,55315583,ImpactHub LTDA,impacthub_835@yahoo.com,398882251,celular,Medellín,Cra. 35 con Calle 80,Cra. 45 con Calle 30,Gómez Sánchez,True,no_responsable_iva,2026-04-22
CLI-000324,CE,86472665,QuantumLeap LTDA,quantumleap_267@yahoo.com,383831942,celular,Cali,Cra. 20 con Calle 150,Cra. 35 con Calle 80,Gómez Sánchez,True,no_responsable_iva,2026-03-14
CLI-000325,CE,37951948,VentureTech SAS,venturetech_630@hotmail.com,387008946,celular,Cali,Cra. 5 con Calle 50,Cra. 30 con Calle 60,Martínez Jiménez,False,no_responsable_iva,2025-09-07
CLI-000326,CE,48609501,SkyBridge SAS,skybridge_748@yahoo.com,386901919,celular,Bucaramanga,Cra. 15 con Calle 100,Cra. 30 con Calle 60,González Jiménez,False,no_responsable_iva,2025-05-22
CLI-000327,CE,12477454,DirectSupply SAS,directsupply_119@hotmail.com,387750728,telefono,Medellín,Cra. 1 con Calle 1,Cra. 20 con Calle 150,García Morales,False,no_responsable_iva,2025-11-20
CLI-000328,CE,38942505,PureSource SAS,puresource_590@gmail.com,372105624,celular,Medellín,Cra. 1 con Calle 1,Cra. 35 con Calle 80,Pérez Martínez,False,no_responsable_iva,2024-12-27
CLI-000329,CE,84208662,NextGen E.U.,nextgen_360@yahoo.com,353569985,celular,Cali,Cra. 10 con Calle 70,Cra. 1 con Calle 1,Torres González,True,no_responsable_iva,2025-06-25
CLI-000330,CC,45801117,SkyBridge SAS,skybridge_831@hotmail.com,312897483,celular,Medellín,Cra. 20 con Calle 150,Cra. 35 con Calle 80,Jiménez Pérez,False,responsable_iva,2024-08-28
CLI-000331,CE,71554985,VentureTech S.A.,venturetech_290@empresa.com.co,373849409,celular,Cali,Cra. 35 con Calle 80,Cra. 25 con Calle 45,Ruiz Jiménez,True,no_responsable_iva,2025-04-13
CLI-000332,CC,55970500,EcoProducts E.U.,ecoproducts_799@hotmail.com,334940801,telefono,Barranquilla,Cra. 35 con Calle 80,Cra. 5 con Calle 50,Torres Rodríguez,False,no_responsable_iva,2026-03-25
CLI-000333,NIT,18956978,CareGroup LTDA,caregroup_646@hotmail.com,357788692,telefono,Bucaramanga,Cra. 1 con Calle 1,Cra. 45 con Calle 30,Jiménez Pérez,True,no_responsable_iva,2024-12-17
CLI-000334,CE,92624556,SkyBridge E.U.,skybridge_545@empresa.com.co,345198761,celular,Bogotá,Cra. 10 con Calle 70,Cra. 45 con Calle 30,Gómez Martínez,False,no_responsable_iva,2025-10-20
CLI-000335,NIT,96310076,TechSolutions LTDA,techsolutions_407@empresa.com.co,343492087,telefono,Bucaramanga,Cra. 30 con Calle 60,Cra. 15 con Calle 100,Morales López,True,no_responsable_iva,2026-05-27
CLI-000336,CC,77303801,TechSolutions LTDA,techsolutions_821@gmail.com,321985888,telefono,Bogotá,Cra. 30 con Calle 60,Cra. 25 con Calle 45,López Sánchez,False,no_responsable_iva,2026-04-16
CLI-000337,CE,58168978,PureSource SAS,puresource_982@empresa.com.co,319512770,telefono,Bucaramanga,Cra. 25 con Calle 45,Cra. 5 con Calle 50,Jiménez Jiménez,True,no_responsable_iva,2025-07-10
CLI-000338,NIT,17183219,SkyBridge E.U.,skybridge_766@hotmail.com,316022991,telefono,Barranquilla,Cra. 1 con Calle 1,Cra. 20 con Calle 150,Sánchez López,True,responsable_iva,2025-06-12
CLI-000339,NIT,77927484,VentureTech E.U.,venturetech_434@yahoo.com,362353203,telefono,Bucaramanga,Cra. 1 con Calle 1,Cra. 1 con Calle 1,Cruz González,True,responsable_iva,2024-12-23
CLI-000340,CE,38472390,CyberVault LTDA,cybervault_668@empresa.com.co,343329201,telefono,Medellín,Cra. 5 con Calle 50,Cra. 1 con Calle 1,Vargas Jiménez,True,responsable_iva,2024-11-22
CLI-000341,CE,57295443,ValueChain LTDA,valuechain_685@gmail.com,396972521,telefono,Cali,Cra. 35 con Calle 80,Cra. 35 con Calle 80,González García,True,no_responsable_iva,2024-10-26
CLI-000342,NIT,90868640,ValueChain LTDA,valuechain_882@hotmail.com,325548393,celular,Barranquilla,Cra. 15 con Calle 100,Cra. 1 con Calle 1,Ramírez Jiménez,True,no_responsable_iva,2025-12-10
CLI-000343,CE,41199923,ValueChain E.U.,valuechain_523@empresa.com.co,359464993,celular,Bucaramanga,Cra. 15 con Calle 100,Cra. 45 con Calle 30,Rodríguez Morales,True,no_responsable_iva,2024-08-30
CLI-000344,CE,97015642,CloudNine S.A.,cloudnine_569@gmail.com,339923625,telefono,Medellín,Cra. 15 con Calle 100,Cra. 1 con Calle 1,García González,False,no_responsable_iva,2025-03-02
CLI-000345,NIT,45693467,SmartBuild S.A.,smartbuild_360@empresa.com.co,312040368,telefono,Bucaramanga,Cra. 30 con Calle 60,Cra. 15 con Calle 100,Ruiz García,False,no_responsable_iva,2025-03-23
CLI-000346,CC,68537218,InnovateMart S.A.,innovatemart_561@hotmail.com,380050298,celular,Bucaramanga,Cra. 45 con Calle 30,Cra. 5 con Calle 50,García López,True,no_responsable_iva,2025-11-03
CLI-000347,CC,19607394,SkyBridge E.U.,skybridge_214@yahoo.com,335635664,celular,Bogotá,Cra. 45 con Calle 30,Cra. 15 con Calle 100,González Sánchez,False,responsable_iva,2026-05-22
CLI-000348,CC,57207135,PremiumServices S.A.,premiumservices_310@hotmail.com,390422329,telefono,Barranquilla,Cra. 5 con Calle 50,Cra. 35 con Calle 80,Morales Gómez,False,no_responsable_iva,2025-01-25
CLI-000349,CC,50683137,SmartBuild SAS,smartbuild_332@empresa.com.co,343344077,celular,Medellín,Cra. 25 con Calle 45,Cra. 20 con Calle 150,López Martínez,False,responsable_iva,2024-07-17
CLI-000350,NIT,57794961,CloudNine S.A.,cloudnine_701@empresa.com.co,332471667,celular,Cali,Cra. 10 con Calle 70,Cra. 40 con Calle 120,Torres Vargas,False,responsable_iva,2026-03-24
CLI-000351,CC,14352444,TechSolutions S.A.,techsolutions_706@empresa.com.co,372880322,telefono,Barranquilla,Cra. 15 con Calle 100,Cra. 1 con Calle 1,Martínez Sánchez,False,no_responsable_iva,2026-06-07
CLI-000352,NIT,19236118,GreenEarth S.A.,greenearth_770@empresa.com.co,354075680,telefono,Bogotá,Cra. 45 con Calle 30,Cra. 25 con Calle 45,Rodríguez Morales,False,no_responsable_iva,2025-12-20
CLI-000353,CE,79959187,VentureTech E.U.,venturetech_575@yahoo.com,338860468,celular,Barranquilla,Cra. 45 con Calle 30,Cra. 45 con Calle 30,Sánchez Martínez,True,no_responsable_iva,2025-03-21
CLI-000354,CE,39806812,SustainableCorp S.A.,sustainablecorp_236@gmail.com,328264343,telefono,Barranquilla,Cra. 40 con Calle 120,Cra. 45 con Calle 30,Ruiz Ramírez,True,responsable_iva,2026-06-12
CLI-000355,CE,65259184,SmartBuild LTDA,smartbuild_865@yahoo.com,323878351,celular,Cali,Cra. 30 con Calle 60,Cra. 35 con Calle 80,González Martínez,True,responsable_iva,2025-10-01
CLI-000356,NIT,30302298,SpeedForward E.U.,speedforward_948@empresa.com.co,386186224,telefono,Bogotá,Cra. 40 con Calle 120,Cra. 45 con Calle 30,Martínez Ramírez,False,responsable_iva,2026-04-20
CLI-000357,NIT,58204991,FutureWorks LTDA,futureworks_152@hotmail.com,367034460,telefono,Barranquilla,Cra. 15 con Calle 100,Cra. 15 con Calle 100,Ruiz López,False,responsable_iva,2026-02-11
CLI-000358,CC,10535268,CareGroup LTDA,caregroup_509@yahoo.com,323689222,telefono,Barranquilla,Cra. 15 con Calle 100,Cra. 20 con Calle 150,Rodríguez Morales,True,responsable_iva,2024-07-24
CLI-000359,CC,16714877,PureSource E.U.,puresource_609@gmail.com,327345909,telefono,Cali,Cra. 45 con Calle 30,Cra. 1 con Calle 1,Rodríguez Rodríguez,True,responsable_iva,2025-02-22
CLI-000360,NIT,99020588,FastLogistics S.A.,fastlogistics_495@gmail.com,310662091,celular,Bucaramanga,Cra. 10 con Calle 70,Cra. 10 con Calle 70,Ramírez García,False,no_responsable_iva,2025-08-19
CLI-000361,CC,98928341,GreenEarth S.A.,greenearth_528@hotmail.com,366365675,telefono,Barranquilla,Cra. 25 con Calle 45,Cra. 10 con Calle 70,Pérez Torres,False,responsable_iva,2024-10-13
CLI-000362,CE,94073740,ProccessFlow E.U.,proccessflow_908@empresa.com.co,331009375,celular,Barranquilla,Cra. 30 con Calle 60,Cra. 5 con Calle 50,Ramírez González,True,responsable_iva,2025-01-19
CLI-000363,CE,69441434,GreenEarth SAS,greenearth_332@gmail.com,336467978,celular,Bucaramanga,Cra. 45 con Calle 30,Cra. 45 con Calle 30,Ramírez Pérez,True,responsable_iva,2025-02-21
CLI-000364,CE,88029988,InnovateMart LTDA,innovatemart_290@empresa.com.co,367461666,celular,Medellín,Cra. 10 con Calle 70,Cra. 10 con Calle 70,Morales Ruiz,True,no_responsable_iva,2026-02-05
CLI-000365,CC,10579528,PremiumServices LTDA,premiumservices_718@gmail.com,383389816,celular,Barranquilla,Cra. 5 con Calle 50,Cra. 25 con Calle 45,Martínez García,False,no_responsable_iva,2025-04-28
CLI-000366,CC,61550212,DigitalPulse LTDA,digitalpulse_836@gmail.com,380339601,celular,Bucaramanga,Cra. 10 con Calle 70,Cra. 30 con Calle 60,Rodríguez González,False,no_responsable_iva,2025-08-01
CLI-000367,CE,23010756,QuantumLeap SAS,quantumleap_363@yahoo.com,320843069,telefono,Cali,Cra. 25 con Calle 45,Cra. 10 con Calle 70,López Ruiz,False,no_responsable_iva,2026-01-31
CLI-000368,CE,36725326,CloudNine S.A.,cloudnine_976@hotmail.com,381894528,telefono,Bucaramanga,Cra. 5 con Calle 50,Cra. 5 con Calle 50,Torres Pérez,False,no_responsable_iva,2025-06-05
CLI-000369,NIT,60061973,DirectSupply SAS,directsupply_147@gmail.com,338779611,telefono,Bucaramanga,Cra. 35 con Calle 80,Cra. 15 con Calle 100,González López,False,responsable_iva,2026-01-07
CLI-000370,CC,23466232,ValueChain SAS,valuechain_214@empresa.com.co,386646529,celular,Bucaramanga,Cra. 30 con Calle 60,Cra. 10 con Calle 70,Cruz Rodríguez,False,no_responsable_iva,2025-04-23
CLI-000371,CE,95497136,SpeedForward SAS,speedforward_857@gmail.com,388523890,telefono,Bogotá,Cra. 45 con Calle 30,Cra. 10 con Calle 70,Sánchez Torres,False,no_responsable_iva,2024-11-29
CLI-000372,NIT,60825562,InnovateMart LTDA,innovatemart_872@empresa.com.co,377996693,celular,Barranquilla,Cra. 45 con Calle 30,Cra. 5 con Calle 50,Ruiz Cruz,False,no_responsable_iva,2025-12-17
CLI-000373,CE,80099362,VentureTech S.A.,venturetech_838@gmail.com,374004144,telefono,Bucaramanga,Cra. 1 con Calle 1,Cra. 45 con Calle 30,Torres Pérez,False,no_responsable_iva,2024-07-16
CLI-000374,CC,73776615,TechSolutions LTDA,techsolutions_160@gmail.com,390217099,telefono,Cali,Cra. 35 con Calle 80,Cra. 35 con Calle 80,Vargas Ramírez,True,no_responsable_iva,2026-02-05
CLI-000375,NIT,39651124,FastLogistics LTDA,fastlogistics_650@empresa.com.co,398990542,celular,Barranquilla,Cra. 25 con Calle 45,Cra. 15 con Calle 100,Ramírez Morales,True,responsable_iva,2025-07-03
CLI-000376,CE,28903491,SustainableCorp S.A.,sustainablecorp_430@empresa.com.co,315067623,celular,Bucaramanga,Cra. 10 con Calle 70,Cra. 40 con Calle 120,Torres Ramírez,False,responsable_iva,2024-08-17
CLI-000377,CE,58503839,InnovateMart E.U.,innovatemart_842@gmail.com,339827308,telefono,Barranquilla,Cra. 45 con Calle 30,Cra. 1 con Calle 1,Torres Rodríguez,True,no_responsable_iva,2025-09-29
CLI-000378,CE,49123030,SustainableCorp S.A.,sustainablecorp_509@gmail.com,369378313,telefono,Medellín,Cra. 40 con Calle 120,Cra. 25 con Calle 45,Martínez Vargas,True,no_responsable_iva,2024-10-06
CLI-000379,NIT,60522702,FutureWorks SAS,futureworks_191@gmail.com,375286813,celular,Medellín,Cra. 15 con Calle 100,Cra. 15 con Calle 100,Sánchez Pérez,True,no_responsable_iva,2024-07-30
CLI-000380,CC,27192931,ValueChain S.A.,valuechain_492@empresa.com.co,311148503,celular,Bucaramanga,Cra. 45 con Calle 30,Cra. 1 con Calle 1,López Ramírez,False,responsable_iva,2025-07-15
CLI-000381,CC,27049592,ProccessFlow E.U.,proccessflow_146@gmail.com,361025639,telefono,Cali,Cra. 20 con Calle 150,Cra. 25 con Calle 45,Vargas García,True,responsable_iva,2026-02-04
CLI-000382,CE,72749817,PowerDrive SAS,powerdrive_382@empresa.com.co,347994801,telefono,Cali,Cra. 35 con Calle 80,Cra. 20 con Calle 150,Gómez Ruiz,True,no_responsable_iva,2024-12-15
CLI-000383,NIT,95010699,SkyBridge S.A.,skybridge_882@empresa.com.co,359020728,telefono,Bucaramanga,Cra. 20 con Calle 150,Cra. 15 con Calle 100,Morales Ramírez,True,responsable_iva,2026-03-04
CLI-000384,NIT,41640120,CloudNine SAS,cloudnine_280@empresa.com.co,368236013,telefono,Bogotá,Cra. 40 con Calle 120,Cra. 45 con Calle 30,Torres Morales,False,no_responsable_iva,2025-04-30
CLI-000385,CC,62460454,VentureTech S.A.,venturetech_164@gmail.com,322496683,celular,Cali,Cra. 25 con Calle 45,Cra. 35 con Calle 80,López Ramírez,True,responsable_iva,2024-12-05
CLI-000386,NIT,49702727,CyberVault LTDA,cybervault_442@yahoo.com,390159897,telefono,Medellín,Cra. 20 con Calle 150,Cra. 35 con Calle 80,Vargas López,True,responsable_iva,2024-11-21
CLI-000387,CC,81005303,PowerDrive S.A.,powerdrive_973@empresa.com.co,336748567,telefono,Medellín,Cra. 20 con Calle 150,Cra. 45 con Calle 30,González Ramírez,True,responsable_iva,2025-07-08
CLI-000388,CC,25364516,PremiumServices E.U.,premiumservices_703@hotmail.com,374937179,telefono,Medellín,Cra. 5 con Calle 50,Cra. 10 con Calle 70,Jiménez González,False,responsable_iva,2024-08-15
CLI-000389,CC,79204198,NextGen LTDA,nextgen_545@gmail.com,397049892,celular,Bogotá,Cra. 40 con Calle 120,Cra. 15 con Calle 100,Vargas Gómez,True,no_responsable_iva,2026-03-03
CLI-000390,CE,56447478,InterConnect LTDA,interconnect_674@hotmail.com,313717092,telefono,Medellín,Cra. 25 con Calle 45,Cra. 15 con Calle 100,García Vargas,False,responsable_iva,2025-04-10
CLI-000391,CE,98191955,CareGroup SAS,caregroup_781@gmail.com,366972938,celular,Medellín,Cra. 15 con Calle 100,Cra. 35 con Calle 80,Rodríguez García,False,no_responsable_iva,2025-06-10
CLI-000392,CE,43265378,InnovateMart S.A.,innovatemart_510@yahoo.com,339086041,telefono,Bogotá,Cra. 35 con Calle 80,Cra. 15 con Calle 100,Jiménez Morales,True,responsable_iva,2025-05-02
CLI-000393,NIT,68747177,CloudNine E.U.,cloudnine_771@gmail.com,377409405,telefono,Bogotá,Cra. 15 con Calle 100,Cra. 5 con Calle 50,Morales Martínez,False,responsable_iva,2026-02-26
CLI-000394,CE,59204781,InterConnect E.U.,interconnect_593@yahoo.com,368798669,celular,Medellín,Cra. 35 con Calle 80,Cra. 30 con Calle 60,Pérez Morales,True,responsable_iva,2025-11-21
CLI-000395,NIT,84145086,DigitalPulse S.A.,digitalpulse_969@yahoo.com,373821275,celular,Medellín,Cra. 20 con Calle 150,Cra. 15 con Calle 100,Ramírez Cruz,True,responsable_iva,2026-05-14
CLI-000396,CE,44521074,ProccessFlow E.U.,proccessflow_272@hotmail.com,363815280,celular,Bucaramanga,Cra. 30 con Calle 60,Cra. 45 con Calle 30,López García,False,no_responsable_iva,2025-02-27
CLI-000397,CE,58336509,PureSource LTDA,puresource_144@hotmail.com,345246786,telefono,Cali,Cra. 40 con Calle 120,Cra. 30 con Calle 60,Jiménez Pérez,True,responsable_iva,2025-09-19
CLI-000398,NIT,13392149,CareGroup SAS,caregroup_484@empresa.com.co,357173120,telefono,Cali,Cra. 30 con Calle 60,Cra. 35 con Calle 80,Morales Martínez,True,no_responsable_iva,2025-01-22
CLI-000399,NIT,73223267,DigitalPulse LTDA,digitalpulse_663@yahoo.com,386194157,celular,Medellín,Cra. 10 con Calle 70,Cra. 40 con Calle 120,Martínez Ruiz,True,no_responsable_iva,2025-08-27
CLI-000400,CE,25552731,ImpactHub SAS,impacthub_477@empresa.com.co,351958895,telefono,Medellín,Cra. 20 con Calle 150,Cra. 40 con Calle 120,Morales Rodríguez,False,responsable_iva,2024-09-04
CLI-000401,CE,92459748,FutureWorks LTDA,futureworks_196@empresa.com.co,362686624,celular,Medellín,Cra. 1 con Calle 1,Cra. 40 con Calle 120,Pérez Torres,False,no_responsable_iva,2026-01-15
CLI-000402,CE,17744064,ImpactHub LTDA,impacthub_721@empresa.com.co,369547631,celular,Bucaramanga,Cra. 30 con Calle 60,Cra. 5 con Calle 50,Torres Torres,True,no_responsable_iva,2025-07-31
CLI-000403,NIT,22090820,CareGroup E.U.,caregroup_916@empresa.com.co,320819240,telefono,Medellín,Cra. 10 con Calle 70,Cra. 20 con Calle 150,Vargas Torres,False,responsable_iva,2025-01-21
CLI-000404,CC,26321436,CloudNine LTDA,cloudnine_995@empresa.com.co,375724622,celular,Barranquilla,Cra. 20 con Calle 150,Cra. 15 con Calle 100,Torres Torres,True,no_responsable_iva,2025-12-30
CLI-000405,CC,85224781,EcoProducts E.U.,ecoproducts_460@empresa.com.co,356341801,telefono,Barranquilla,Cra. 5 con Calle 50,Cra. 1 con Calle 1,Morales García,False,no_responsable_iva,2026-06-12
CLI-000406,CE,66927625,QuantumLeap S.A.,quantumleap_720@gmail.com,329544690,celular,Barranquilla,Cra. 10 con Calle 70,Cra. 25 con Calle 45,Jiménez Jiménez,False,responsable_iva,2025-03-08
CLI-000407,CE,37772143,PureSource S.A.,puresource_583@hotmail.com,362602796,celular,Medellín,Cra. 30 con Calle 60,Cra. 15 con Calle 100,Ramírez Gómez,True,no_responsable_iva,2024-11-25
CLI-000408,NIT,70338824,ValueChain S.A.,valuechain_739@hotmail.com,340619085,telefono,Bogotá,Cra. 25 con Calle 45,Cra. 10 con Calle 70,Jiménez Ramírez,True,responsable_iva,2025-03-08
CLI-000409,CC,78711382,ProccessFlow S.A.,proccessflow_229@yahoo.com,394692862,telefono,Cali,Cra. 20 con Calle 150,Cra. 45 con Calle 30,Martínez Gómez,False,responsable_iva,2024-10-15
CLI-000410,NIT,55820446,EliteManufacturing S.A.,elitemanufacturing_472@yahoo.com,398712076,telefono,Cali,Cra. 35 con Calle 80,Cra. 40 con Calle 120,Pérez Cruz,False,responsable_iva,2025-01-30
CLI-000411,CC,39355294,EcoProducts LTDA,ecoproducts_373@empresa.com.co,363492159,telefono,Bogotá,Cra. 10 con Calle 70,Cra. 20 con Calle 150,Sánchez González,False,no_responsable_iva,2024-10-17
CLI-000412,NIT,12592845,CloudNine SAS,cloudnine_514@empresa.com.co,337399444,telefono,Bogotá,Cra. 30 con Calle 60,Cra. 1 con Calle 1,Martínez Pérez,False,responsable_iva,2025-04-14
CLI-000413,CE,40102211,FutureWorks SAS,futureworks_530@gmail.com,346024344,celular,Barranquilla,Cra. 15 con Calle 100,Cra. 1 con Calle 1,Martínez Pérez,True,responsable_iva,2025-09-20
CLI-000414,CE,62234848,CareGroup S.A.,caregroup_614@gmail.com,354845268,celular,Bogotá,Cra. 40 con Calle 120,Cra. 10 con Calle 70,Torres González,False,responsable_iva,2025-09-13
CLI-000415,CE,23962954,QuantumLeap SAS,quantumleap_524@hotmail.com,382429485,celular,Barranquilla,Cra. 10 con Calle 70,Cra. 5 con Calle 50,Morales Martínez,True,no_responsable_iva,2026-03-29
CLI-000416,CC,70503785,DirectSupply E.U.,directsupply_958@yahoo.com,321583278,telefono,Cali,Cra. 1 con Calle 1,Cra. 15 con Calle 100,Jiménez Jiménez,False,responsable_iva,2025-01-12
CLI-000417,CC,41110904,ImpactHub SAS,impacthub_829@empresa.com.co,349558758,telefono,Bogotá,Cra. 20 con Calle 150,Cra. 10 con Calle 70,Gómez Vargas,False,no_responsable_iva,2025-11-18
CLI-000418,CC,55207473,CloudNine E.U.,cloudnine_812@yahoo.com,367284105,celular,Medellín,Cra. 15 con Calle 100,Cra. 5 con Calle 50,Vargas López,True,no_responsable_iva,2025-06-06
CLI-000419,NIT,78226540,InterConnect SAS,interconnect_648@empresa.com.co,362940604,telefono,Medellín,Cra. 15 con Calle 100,Cra. 40 con Calle 120,Ruiz Martínez,False,no_responsable_iva,2025-01-16
CLI-000420,CC,83725679,EcoProducts SAS,ecoproducts_307@gmail.com,380326094,telefono,Bucaramanga,Cra. 40 con Calle 120,Cra. 40 con Calle 120,Rodríguez Sánchez,True,responsable_iva,2025-02-08
CLI-000421,CE,25941897,EcoProducts SAS,ecoproducts_342@hotmail.com,379648284,telefono,Cali,Cra. 15 con Calle 100,Cra. 5 con Calle 50,Gómez Ruiz,True,no_responsable_iva,2025-09-30
CLI-000422,CC,22533924,QuantumLeap E.U.,quantumleap_853@hotmail.com,398143268,telefono,Medellín,Cra. 35 con Calle 80,Cra. 45 con Calle 30,López García,True,no_responsable_iva,2026-02-04
CLI-000423,CE,89499561,EcoProducts LTDA,ecoproducts_738@empresa.com.co,356808399,celular,Barranquilla,Cra. 30 con Calle 60,Cra. 10 con Calle 70,López Ruiz,False,no_responsable_iva,2025-06-18
CLI-000424,CE,63785521,PowerDrive SAS,powerdrive_690@hotmail.com,371009088,celular,Bucaramanga,Cra. 10 con Calle 70,Cra. 10 con Calle 70,Rodríguez Vargas,False,responsable_iva,2026-05-15
CLI-000425,CE,89000891,PremiumServices SAS,premiumservices_522@empresa.com.co,311490277,telefono,Cali,Cra. 1 con Calle 1,Cra. 15 con Calle 100,Vargas López,True,responsable_iva,2025-10-11
CLI-000426,CE,81986353,SpeedForward LTDA,speedforward_807@hotmail.com,370753616,celular,Bucaramanga,Cra. 20 con Calle 150,Cra. 25 con Calle 45,López Morales,True,no_responsable_iva,2026-04-30
CLI-000427,CE,83039133,NextGen S.A.,nextgen_175@empresa.com.co,384892088,telefono,Barranquilla,Cra. 15 con Calle 100,Cra. 45 con Calle 30,Ruiz Morales,True,no_responsable_iva,2024-09-26
CLI-000428,NIT,72219802,FutureWorks S.A.,futureworks_893@gmail.com,349417139,celular,Barranquilla,Cra. 30 con Calle 60,Cra. 40 con Calle 120,García Morales,False,responsable_iva,2024-11-12
CLI-000429,NIT,55275687,SmartBuild E.U.,smartbuild_916@yahoo.com,323334453,telefono,Bogotá,Cra. 20 con Calle 150,Cra. 20 con Calle 150,Sánchez Gómez,False,responsable_iva,2025-12-28
CLI-000430,CC,88571740,InterConnect SAS,interconnect_762@hotmail.com,355667957,telefono,Bucaramanga,Cra. 40 con Calle 120,Cra. 1 con Calle 1,González Ramírez,True,no_responsable_iva,2024-11-24
CLI-000431,CC,10083823,EliteManufacturing LTDA,elitemanufacturing_570@empresa.com.co,347987582,telefono,Cali,Cra. 15 con Calle 100,Cra. 15 con Calle 100,González Ramírez,False,responsable_iva,2025-11-26
CLI-000432,NIT,43104485,PowerDrive S.A.,powerdrive_482@yahoo.com,356276207,telefono,Barranquilla,Cra. 15 con Calle 100,Cra. 30 con Calle 60,Rodríguez Sánchez,False,responsable_iva,2024-10-12
CLI-000433,CC,46527472,SustainableCorp LTDA,sustainablecorp_670@yahoo.com,346868504,telefono,Bucaramanga,Cra. 35 con Calle 80,Cra. 45 con Calle 30,Cruz Ramírez,True,no_responsable_iva,2025-07-12
CLI-000434,NIT,37583350,ProccessFlow S.A.,proccessflow_610@gmail.com,338980499,celular,Medellín,Cra. 30 con Calle 60,Cra. 20 con Calle 150,García Ramírez,False,responsable_iva,2025-11-03
CLI-000435,NIT,78833288,PureSource SAS,puresource_823@empresa.com.co,364991329,celular,Cali,Cra. 25 con Calle 45,Cra. 40 con Calle 120,Cruz González,False,responsable_iva,2026-05-20
CLI-000436,NIT,19576673,PureSource S.A.,puresource_100@empresa.com.co,373221569,celular,Bucaramanga,Cra. 20 con Calle 150,Cra. 5 con Calle 50,Martínez Ramírez,True,no_responsable_iva,2025-03-31
CLI-000437,NIT,89827036,InnovateMart E.U.,innovatemart_654@empresa.com.co,314931572,telefono,Bogotá,Cra. 15 con Calle 100,Cra. 35 con Calle 80,Rodríguez Cruz,True,no_responsable_iva,2026-01-04
CLI-000438,CE,40601566,PureSource S.A.,puresource_936@yahoo.com,312929925,telefono,Bogotá,Cra. 20 con Calle 150,Cra. 25 con Calle 45,Pérez Ruiz,False,no_responsable_iva,2026-04-28
CLI-000439,CC,35526992,NextGen LTDA,nextgen_373@yahoo.com,386612634,telefono,Bogotá,Cra. 1 con Calle 1,Cra. 35 con Calle 80,Jiménez Morales,False,no_responsable_iva,2025-11-17
CLI-000440,NIT,44690864,CyberVault SAS,cybervault_684@hotmail.com,369167417,celular,Medellín,Cra. 30 con Calle 60,Cra. 10 con Calle 70,Morales Sánchez,False,responsable_iva,2025-08-11
CLI-000441,CC,34857247,SpeedForward S.A.,speedforward_669@empresa.com.co,318962312,telefono,Bucaramanga,Cra. 15 con Calle 100,Cra. 45 con Calle 30,Gómez Martínez,False,responsable_iva,2026-05-23
CLI-000442,CC,76779092,TechSolutions E.U.,techsolutions_303@gmail.com,396596171,celular,Cali,Cra. 15 con Calle 100,Cra. 35 con Calle 80,Ruiz Ruiz,True,no_responsable_iva,2025-04-30
CLI-000443,CE,56260398,EliteManufacturing S.A.,elitemanufacturing_849@yahoo.com,351578916,celular,Bucaramanga,Cra. 45 con Calle 30,Cra. 40 con Calle 120,Vargas Sánchez,False,responsable_iva,2025-11-24
CLI-000444,CE,56082289,DigitalPulse LTDA,digitalpulse_417@yahoo.com,338439036,telefono,Bucaramanga,Cra. 25 con Calle 45,Cra. 15 con Calle 100,Cruz Cruz,True,responsable_iva,2026-05-14
CLI-000445,CC,19815278,CareGroup S.A.,caregroup_390@empresa.com.co,399734374,telefono,Bogotá,Cra. 15 con Calle 100,Cra. 25 con Calle 45,Ruiz Cruz,True,responsable_iva,2025-06-14
CLI-000446,NIT,39405931,ValueChain SAS,valuechain_284@hotmail.com,325390123,telefono,Medellín,Cra. 15 con Calle 100,Cra. 10 con Calle 70,Jiménez Martínez,True,no_responsable_iva,2025-06-05
CLI-000447,CC,33892552,SustainableCorp LTDA,sustainablecorp_579@gmail.com,326793009,telefono,Medellín,Cra. 45 con Calle 30,Cra. 15 con Calle 100,Morales González,True,responsable_iva,2025-09-22
CLI-000448,CC,95901574,SustainableCorp LTDA,sustainablecorp_728@gmail.com,331461101,celular,Bogotá,Cra. 1 con Calle 1,Cra. 10 con Calle 70,Pérez García,True,responsable_iva,2025-01-21
CLI-000449,NIT,45972321,EliteManufacturing E.U.,elitemanufacturing_926@yahoo.com,370934871,celular,Cali,Cra. 25 con Calle 45,Cra. 45 con Calle 30,Gómez Martínez,True,no_responsable_iva,2024-10-22
CLI-000450,CC,66047089,CyberVault LTDA,cybervault_705@gmail.com,353928068,telefono,Barranquilla,Cra. 35 con Calle 80,Cra. 25 con Calle 45,Cruz Morales,True,no_responsable_iva,2025-11-24
CLI-000451,CC,91304138,TechSolutions SAS,techsolutions_272@hotmail.com,379230992,telefono,Barranquilla,Cra. 35 con Calle 80,Cra. 20 con Calle 150,García López,False,no_responsable_iva,2026-05-03
CLI-000452,NIT,75128742,PowerDrive S.A.,powerdrive_242@yahoo.com,314968848,telefono,Cali,Cra. 1 con Calle 1,Cra. 5 con Calle 50,Jiménez Jiménez,False,no_responsable_iva,2025-01-15
CLI-000453,CE,63162813,DirectSupply S.A.,directsupply_665@empresa.com.co,362858853,telefono,Bucaramanga,Cra. 25 con Calle 45,Cra. 40 con Calle 120,González Ruiz,False,responsable_iva,2026-05-26
CLI-000454,CC,92476508,PureSource LTDA,puresource_936@hotmail.com,397700652,telefono,Bogotá,Cra. 1 con Calle 1,Cra. 15 con Calle 100,Vargas González,False,responsable_iva,2024-10-14
CLI-000455,NIT,68087398,SpeedForward E.U.,speedforward_705@gmail.com,379589839,celular,Barranquilla,Cra. 20 con Calle 150,Cra. 5 con Calle 50,López Gómez,False,no_responsable_iva,2025-05-04
CLI-000456,NIT,47036717,PowerDrive SAS,powerdrive_139@gmail.com,348430459,celular,Medellín,Cra. 30 con Calle 60,Cra. 25 con Calle 45,Pérez Rodríguez,False,no_responsable_iva,2025-01-01
CLI-000457,NIT,80970603,SustainableCorp SAS,sustainablecorp_804@empresa.com.co,377240373,celular,Bogotá,Cra. 35 con Calle 80,Cra. 10 con Calle 70,Cruz López,True,responsable_iva,2025-08-22
CLI-000458,NIT,35824800,SmartBuild S.A.,smartbuild_733@hotmail.com,359400891,celular,Bucaramanga,Cra. 30 con Calle 60,Cra. 15 con Calle 100,Cruz Ruiz,True,responsable_iva,2025-02-11
CLI-000459,CE,34091246,SustainableCorp E.U.,sustainablecorp_990@yahoo.com,350407977,celular,Barranquilla,Cra. 40 con Calle 120,Cra. 10 con Calle 70,Pérez González,False,responsable_iva,2025-06-07
CLI-000460,CC,25309418,TechSolutions LTDA,techsolutions_571@yahoo.com,349104563,celular,Bogotá,Cra. 40 con Calle 120,Cra. 10 con Calle 70,González López,True,responsable_iva,2024-07-14
CLI-000461,CC,62385328,NextGen S.A.,nextgen_827@empresa.com.co,386217624,telefono,Bogotá,Cra. 25 con Calle 45,Cra. 30 con Calle 60,Morales Morales,False,responsable_iva,2024-09-18
CLI-000462,NIT,20828673,ProccessFlow S.A.,proccessflow_682@yahoo.com,321024781,celular,Bogotá,Cra. 40 con Calle 120,Cra. 45 con Calle 30,Martínez Vargas,False,responsable_iva,2025-05-22
CLI-000463,NIT,87658451,SmartBuild S.A.,smartbuild_849@gmail.com,332043827,celular,Barranquilla,Cra. 5 con Calle 50,Cra. 10 con Calle 70,Ruiz Sánchez,False,responsable_iva,2026-06-07
CLI-000464,CC,81961572,ProccessFlow SAS,proccessflow_154@hotmail.com,347989848,telefono,Bogotá,Cra. 30 con Calle 60,Cra. 45 con Calle 30,Pérez Morales,False,no_responsable_iva,2025-08-29
CLI-000465,CC,61868400,FastLogistics E.U.,fastlogistics_309@yahoo.com,383176913,telefono,Cali,Cra. 15 con Calle 100,Cra. 10 con Calle 70,Martínez Jiménez,False,no_responsable_iva,2025-03-03
CLI-000466,CC,41979247,QuantumLeap S.A.,quantumleap_541@empresa.com.co,380449277,telefono,Bucaramanga,Cra. 25 con Calle 45,Cra. 10 con Calle 70,Pérez González,True,responsable_iva,2024-11-23
CLI-000467,CC,29778138,InterConnect E.U.,interconnect_586@empresa.com.co,365697122,celular,Cali,Cra. 30 con Calle 60,Cra. 35 con Calle 80,Martínez Morales,False,no_responsable_iva,2025-01-24
CLI-000468,CE,46158348,EcoProducts E.U.,ecoproducts_281@yahoo.com,335026277,telefono,Medellín,Cra. 15 con Calle 100,Cra. 1 con Calle 1,Torres Torres,True,responsable_iva,2026-05-13
CLI-000469,CC,50918715,InterConnect LTDA,interconnect_662@hotmail.com,310264647,celular,Bogotá,Cra. 45 con Calle 30,Cra. 25 con Calle 45,González Rodríguez,True,responsable_iva,2025-03-07
CLI-000470,NIT,25150341,CloudNine E.U.,cloudnine_183@empresa.com.co,396471631,celular,Bogotá,Cra. 15 con Calle 100,Cra. 40 con Calle 120,Rodríguez Torres,True,no_responsable_iva,2024-09-30
CLI-000471,CC,19262191,PowerDrive E.U.,powerdrive_795@hotmail.com,349565868,celular,Barranquilla,Cra. 25 con Calle 45,Cra. 45 con Calle 30,Martínez Jiménez,False,no_responsable_iva,2025-03-18
CLI-000472,CE,20917808,CareGroup S.A.,caregroup_786@empresa.com.co,355521014,telefono,Barranquilla,Cra. 15 con Calle 100,Cra. 5 con Calle 50,López Cruz,False,no_responsable_iva,2025-06-22
CLI-000473,CE,79184437,TechSolutions S.A.,techsolutions_763@yahoo.com,394234187,telefono,Medellín,Cra. 10 con Calle 70,Cra. 5 con Calle 50,Cruz Ruiz,False,no_responsable_iva,2025-02-02
CLI-000474,CE,56030745,InnovateMart E.U.,innovatemart_704@gmail.com,341921099,celular,Cali,Cra. 35 con Calle 80,Cra. 20 con Calle 150,Sánchez Sánchez,False,no_responsable_iva,2026-01-06
CLI-000475,CE,69453652,InterConnect S.A.,interconnect_542@empresa.com.co,359577695,celular,Medellín,Cra. 25 con Calle 45,Cra. 10 con Calle 70,Ruiz Martínez,False,no_responsable_iva,2024-08-28
CLI-000476,NIT,30437912,SkyBridge S.A.,skybridge_418@hotmail.com,356017403,celular,Barranquilla,Cra. 25 con Calle 45,Cra. 35 con Calle 80,Ruiz Gómez,False,no_responsable_iva,2025-08-27
CLI-000477,CE,84236946,SpeedForward S.A.,speedforward_381@yahoo.com,346165040,celular,Cali,Cra. 45 con Calle 30,Cra. 35 con Calle 80,Ramírez Jiménez,True,no_responsable_iva,2025-11-06
CLI-000478,CE,82484794,GreenEarth S.A.,greenearth_250@gmail.com,362973131,telefono,Medellín,Cra. 1 con Calle 1,Cra. 25 con Calle 45,Ramírez López,True,no_responsable_iva,2026-02-05
CLI-000479,NIT,90405498,ValueChain S.A.,valuechain_550@yahoo.com,380593913,telefono,Bogotá,Cra. 30 con Calle 60,Cra. 1 con Calle 1,Morales García,True,no_responsable_iva,2025-08-16
CLI-000480,NIT,98437648,CareGroup LTDA,caregroup_742@gmail.com,396325628,telefono,Barranquilla,Cra. 35 con Calle 80,Cra. 25 con Calle 45,Vargas Torres,True,responsable_iva,2024-08-15
CLI-000481,NIT,97096114,SkyBridge LTDA,skybridge_324@hotmail.com,363939912,celular,Medellín,Cra. 1 con Calle 1,Cra. 5 con Calle 50,García López,True,responsable_iva,2026-06-02
CLI-000482,CE,84529130,SkyBridge E.U.,skybridge_187@hotmail.com,356859487,celular,Barranquilla,Cra. 40 con Calle 120,Cra. 25 con Calle 45,Cruz Jiménez,False,no_responsable_iva,2025-04-16
CLI-000483,CC,23462195,NextGen S.A.,nextgen_256@gmail.com,395542884,celular,Bucaramanga,Cra. 35 con Calle 80,Cra. 1 con Calle 1,Ramírez López,True,responsable_iva,2025-01-27
CLI-000484,CC,32699552,TechSolutions E.U.,techsolutions_707@empresa.com.co,378987917,telefono,Barranquilla,Cra. 25 con Calle 45,Cra. 5 con Calle 50,Jiménez Sánchez,False,responsable_iva,2025-12-07
CLI-000485,CC,85352353,FutureWorks E.U.,futureworks_704@gmail.com,330257214,celular,Medellín,Cra. 15 con Calle 100,Cra. 25 con Calle 45,Ruiz López,False,responsable_iva,2025-05-09
CLI-000486,CC,88527032,GlobalTrade S.A.,globaltrade_115@gmail.com,320544376,celular,Medellín,Cra. 1 con Calle 1,Cra. 5 con Calle 50,Jiménez Jiménez,True,responsable_iva,2024-09-29
CLI-000487,CE,51469435,PremiumServices S.A.,premiumservices_428@empresa.com.co,358233700,celular,Bucaramanga,Cra. 45 con Calle 30,Cra. 5 con Calle 50,Jiménez Sánchez,True,no_responsable_iva,2025-02-10
CLI-000488,CC,39705802,FutureWorks S.A.,futureworks_975@empresa.com.co,313305128,celular,Medellín,Cra. 35 con Calle 80,Cra. 25 con Calle 45,Morales Martínez,True,no_responsable_iva,2024-11-12
CLI-000489,NIT,43933678,SkyBridge S.A.,skybridge_967@yahoo.com,398822390,celular,Bucaramanga,Cra. 1 con Calle 1,Cra. 5 con Calle 50,Martínez González,True,responsable_iva,2025-04-11
CLI-000490,CC,84571481,SustainableCorp LTDA,sustainablecorp_611@empresa.com.co,372520113,celular,Medellín,Cra. 40 con Calle 120,Cra. 20 con Calle 150,Gómez Cruz,False,responsable_iva,2025-03-21
CLI-000491,CC,56616245,PowerDrive S.A.,powerdrive_469@hotmail.com,317765058,celular,Cali,Cra. 1 con Calle 1,Cra. 35 con Calle 80,García Ramírez,False,responsable_iva,2025-02-17
CLI-000492,CE,60394594,SustainableCorp S.A.,sustainablecorp_688@gmail.com,355021929,celular,Bogotá,Cra. 10 con Calle 70,Cra. 1 con Calle 1,Gómez García,False,responsable_iva,2026-05-05
CLI-000493,CE,19651943,InnovateMart E.U.,innovatemart_850@hotmail.com,317590951,celular,Barranquilla,Cra. 15 con Calle 100,Cra. 15 con Calle 100,Martínez García,True,no_responsable_iva,2024-12-10
CLI-000494,NIT,83634215,SkyBridge S.A.,skybridge_602@yahoo.com,367782168,telefono,Barranquilla,Cra. 20 con Calle 150,Cra. 1 con Calle 1,Rodríguez Torres,False,responsable_iva,2026-02-03
CLI-000495,NIT,65781863,DirectSupply E.U.,directsupply_946@gmail.com,321213795,telefono,Bucaramanga,Cra. 10 con Calle 70,Cra. 20 con Calle 150,Martínez Vargas,True,responsable_iva,2025-03-29
CLI-000496,CC,76397423,GlobalTrade S.A.,globaltrade_605@hotmail.com,325591808,celular,Bogotá,Cra. 1 con Calle 1,Cra. 35 con Calle 80,Morales Torres,True,responsable_iva,2026-02-03
CLI-000497,NIT,34161171,PremiumServices E.U.,premiumservices_960@empresa.com.co,389209142,telefono,Bucaramanga,Cra. 20 con Calle 150,Cra. 20 con Calle 150,Vargas Torres,True,responsable_iva,2024-09-08
CLI-000498,CC,48792602,NextGen S.A.,nextgen_144@yahoo.com,383626479,telefono,Barranquilla,Cra. 40 con Calle 120,Cra. 15 con Calle 100,Torres Pérez,False,no_responsable_iva,2025-02-28
CLI-000499,CC,54938953,InnovateMart E.U.,innovatemart_517@gmail.com,364058733,telefono,Barranquilla,Cra. 40 con Calle 120,Cra. 30 con Calle 60,Rodríguez Martínez,True,responsable_iva,2024-09-11
CLI-000500,NIT,81197926,PowerDrive SAS,powerdrive_984@hotmail.com,386406986,telefono,Medellín,Cra. 1 con Calle 1,Cra. 40 con Calle 120,González Torres,False,no_responsable_iva,2026-05-15
