id_proveedor,nombre_razon_social,tipo_documento,numero_identificacion,habeas_data,tipo_regimen,rut,ciudad,direccion_operativa,direccion_residencia,email,num_contacto,tipo_num_contacto,representante_legal,banco,tipo_cuenta,numero_cuenta,tipo_proveedor,tiempo_entrega_promedio,contacto_comercial,contacto_cartera,contacto_logistico,condiciones_pago,calificacion,fecha_registro
PROV-000001,DirectSupply Supplier,NIT,18464959,True,no_responsable_iva,225320455,Medellín,Cra. 40 con Calle 120,Cra. 35 con Calle 80,directsupply_339@hotmail.com,397431280,celular,Morales López,BBVA,ahorros,10617078680,materia_prima,2,Rodríguez Gómez,Torres Gómez,Morales Pérez,15,5,2025-10-01
PROV-000002,SpeedForward Supplier,CE,21190936,False,no_responsable_iva,690410439,Bucaramanga,Cra. 10 con Calle 70,Cra. 5 con Calle 50,speedforward_324@empresa.com.co,333477489,telefono,Ruiz Vargas,Banco Popular,ahorros,60206453220,consultoría,21,Torres González,Pérez Torres,Martínez Ramírez,60,4,2025-09-15
PROV-000003,PremiumServices Industries,NIT,46524633,True,no_responsable_iva,138986977,Cali,Cra. 20 con Calle 150,Cra. 25 con Calle 45,premiumservices_158@yahoo.com,376725661,celular,Rodríguez García,Bancolombia,corriente,40596436233,materia_prima,10,Martínez Sánchez,García Gómez,García Martínez,60,4,2026-01-21
PROV-000004,DigitalPulse Co.,CE,91363276,False,responsable_iva,390185194,Bogotá,Cra. 15 con Calle 100,Cra. 15 con Calle 100,digitalpulse_810@hotmail.com,393356420,celular,Ruiz Sánchez,Bancolombia,ahorros,98482126036,servicios,6,Sánchez Cruz,Rodríguez Pérez,Cruz Gómez,30,1,2025-01-23
PROV-000005,NextGen Supplier,NIT,93248335,True,no_responsable_iva,860230271,Bogotá,Cra. 30 con Calle 60,Cra. 10 con Calle 70,nextgen_951@empresa.com.co,330466123,telefono,Torres Ramírez,Bancolombia,corriente,18395607049,distribución,11,Sánchez Sánchez,Sánchez Sánchez,Pérez Jiménez,60,1,2024-11-08
PROV-000006,ValueChain Supplier,NIT,93870740,True,no_responsable_iva,479609573,Barranquilla,Cra. 10 con Calle 70,Cra. 25 con Calle 45,valuechain_318@hotmail.com,330835921,celular,Torres González,Banco Popular,ahorros,76439876370,tecnología,30,Sánchez Rodríguez,Morales Ruiz,Morales Sánchez,15,2,2025-11-16
PROV-000007,NextGen Supplier,NIT,79200790,True,responsable_iva,770852911,Medellín,Cra. 40 con Calle 120,Cra. 45 con Calle 30,nextgen_293@empresa.com.co,357485637,celular,Jiménez Sánchez,Bancolombia,corriente,66263164750,tecnología,24,Sánchez García,Cruz Cruz,Pérez Pérez,30,1,2024-12-04
PROV-000008,ImpactHub Group,NIT,95853702,True,no_responsable_iva,758789517,Bogotá,Cra. 45 con Calle 30,Cra. 45 con Calle 30,impacthub_387@hotmail.com,344057999,celular,Torres Rodríguez,Itaú,ahorros,62833511569,tecnología,2,Ruiz Morales,Pérez Jiménez,Vargas Ramírez,30,5,2025-01-02
PROV-000009,InterConnect Group,CC,33597614,True,responsable_iva,848304544,Bucaramanga,Cra. 10 con Calle 70,Cra. 40 con Calle 120,interconnect_755@gmail.com,336068384,telefono,Ramírez Pérez,BBVA,corriente,84018945666,materia_prima,17,Ramírez Gómez,Ruiz González,Morales Morales,60,5,2025-07-04
PROV-000010,CloudNine Co.,CE,24591895,True,responsable_iva,328596789,Barranquilla,Cra. 10 con Calle 70,Cra. 15 con Calle 100,cloudnine_316@gmail.com,332848326,celular,Ruiz Sánchez,Bancolombia,corriente,52982877122,distribución,21,González Sánchez,Ruiz Jiménez,García Ramírez,45,2,2025-05-26
PROV-000011,FastLogistics Supplier,CE,61026503,True,responsable_iva,250514439,Medellín,Cra. 45 con Calle 30,Cra. 5 con Calle 50,fastlogistics_919@empresa.com.co,377988146,celular,Ruiz González,Santander,ahorros,41219252784,servicios,5,Gómez Martínez,González García,Vargas Ramírez,30,3,2025-05-14
PROV-000012,SkyBridge Co.,CC,78771790,True,responsable_iva,437116637,Bucaramanga,Cra. 35 con Calle 80,Cra. 30 con Calle 60,skybridge_664@yahoo.com,386793618,telefono,Sánchez Vargas,Citibank,ahorros,23286028506,materia_prima,21,Morales Rodríguez,Pérez Vargas,Vargas Martínez,15,2,2024-12-18
PROV-000013,GlobalTrade Supplier,CC,85091457,False,no_responsable_iva,943702952,Medellín,Cra. 15 con Calle 100,Cra. 40 con Calle 120,globaltrade_580@yahoo.com,360790068,telefono,Cruz López,Citibank,corriente,90554801639,tecnología,2,Ramírez Torres,Vargas González,Ruiz González,15,4,2024-10-31
PROV-000014,PremiumServices Co.,CE,70952194,False,responsable_iva,380120711,Cali,Cra. 20 con Calle 150,Cra. 15 con Calle 100,premiumservices_700@hotmail.com,348183157,celular,Cruz González,Itaú,ahorros,72469203469,distribución,27,Gómez Gómez,Pérez Morales,Morales Ruiz,90,2,2024-12-15
PROV-000015,InnovateMart Group,NIT,96960292,False,responsable_iva,323009567,Cali,Cra. 25 con Calle 45,Cra. 5 con Calle 50,innovatemart_529@yahoo.com,350504385,celular,Ruiz González,Banco de Bogotá,ahorros,41507844744,servicios,14,Martínez Morales,López Jiménez,González Jiménez,30,2,2025-09-14
PROV-000016,TechSolutions Industries,NIT,59745236,True,responsable_iva,516150764,Cali,Cra. 20 con Calle 150,Cra. 20 con Calle 150,techsolutions_843@empresa.com.co,311988613,telefono,López Vargas,Banco Popular,ahorros,39928549869,consultoría,7,Sánchez Vargas,Rodríguez Martínez,Rodríguez Torres,60,3,2025-01-31
PROV-000017,SpeedForward Co.,CE,94832432,False,no_responsable_iva,322459567,Cali,Cra. 20 con Calle 150,Cra. 1 con Calle 1,speedforward_966@yahoo.com,322633008,celular,López Rodríguez,Itaú,corriente,42738979449,tecnología,4,Vargas Sánchez,González Rodríguez,Rodríguez Ruiz,30,4,2024-12-11
PROV-000018,ValueChain Supplier,NIT,92210598,False,responsable_iva,609110085,Barranquilla,Cra. 5 con Calle 50,Cra. 10 con Calle 70,valuechain_935@empresa.com.co,348039872,celular,Martínez Ramírez,Itaú,corriente,30410256550,consultoría,11,Vargas Martínez,Torres Torres,Ruiz Martínez,30,3,2025-08-26
PROV-000019,InnovateMart Co.,CC,71070725,False,responsable_iva,938402702,Bogotá,Cra. 25 con Calle 45,Cra. 45 con Calle 30,innovatemart_456@empresa.com.co,371224101,celular,Pérez Gómez,Santander,corriente,97987715329,materia_prima,28,Morales Sánchez,Ruiz López,López Vargas,90,3,2025-09-18
PROV-000020,FutureWorks Industries,CE,46865781,True,no_responsable_iva,246372389,Bucaramanga,Cra. 1 con Calle 1,Cra. 1 con Calle 1,futureworks_557@gmail.com,334607980,celular,Ramírez Ruiz,Bancolombia,ahorros,50185470349,servicios,5,Sánchez Gómez,González Morales,Morales Rodríguez,15,4,2025-04-10
PROV-000021,SmartBuild Industries,CC,41169935,False,responsable_iva,602683537,Medellín,Cra. 35 con Calle 80,Cra. 15 con Calle 100,smartbuild_306@yahoo.com,356999308,telefono,García García,Banco de Bogotá,ahorros,91775673832,tecnología,23,Jiménez Gómez,Cruz Ruiz,Torres Jiménez,15,4,2026-01-06
PROV-000022,CloudNine Co.,CC,10983330,True,responsable_iva,249563368,Cali,Cra. 30 con Calle 60,Cra. 25 con Calle 45,cloudnine_348@yahoo.com,346276242,telefono,Ramírez Cruz,Santander,ahorros,18824731926,tecnología,5,Martínez Vargas,Ramírez Jiménez,López Sánchez,90,2,2025-04-03
PROV-000023,GreenEarth Group,NIT,91541322,True,no_responsable_iva,604043629,Bucaramanga,Cra. 25 con Calle 45,Cra. 25 con Calle 45,greenearth_462@yahoo.com,340526538,telefono,Cruz López,Bancolombia,corriente,88327083598,tecnología,12,Martínez Martínez,Vargas Martínez,García Rodríguez,45,3,2026-03-26
PROV-000024,PureSource Co.,CE,88290647,True,responsable_iva,164456213,Bucaramanga,Cra. 30 con Calle 60,Cra. 20 con Calle 150,puresource_422@gmail.com,312400729,celular,Jiménez Sánchez,Banco Popular,corriente,41934162648,distribución,5,González Rodríguez,González López,Morales González,90,3,2024-08-27
PROV-000025,InnovateMart Industries,CC,54637208,True,responsable_iva,552080070,Bucaramanga,Cra. 30 con Calle 60,Cra. 25 con Calle 45,innovatemart_377@yahoo.com,379865375,telefono,Ruiz Sánchez,BBVA,ahorros,36946451241,consultoría,12,Martínez Morales,Cruz López,Pérez Gómez,90,4,2025-05-19
PROV-000026,FutureWorks Group,NIT,16319922,False,no_responsable_iva,277017082,Medellín,Cra. 35 con Calle 80,Cra. 45 con Calle 30,futureworks_852@hotmail.com,328758534,telefono,Martínez González,Banco Popular,corriente,71345289071,consultoría,28,Ramírez García,Gómez Pérez,Rodríguez Sánchez,30,2,2025-11-17
PROV-000027,DirectSupply Co.,CC,67524313,False,responsable_iva,586632313,Bogotá,Cra. 20 con Calle 150,Cra. 1 con Calle 1,directsupply_730@empresa.com.co,339916316,celular,Pérez Vargas,Bancolombia,ahorros,93935638500,tecnología,10,Pérez Jiménez,Cruz López,Rodríguez González,30,1,2025-07-11
PROV-000028,CyberVault Supplier,CC,47189200,True,no_responsable_iva,558803535,Bucaramanga,Cra. 40 con Calle 120,Cra. 25 con Calle 45,cybervault_790@yahoo.com,355229278,celular,Ruiz Torres,Citibank,ahorros,92116411257,distribución,14,López López,Vargas Cruz,Vargas Pérez,45,5,2025-04-22
PROV-000029,SustainableCorp Group,CE,79931315,True,no_responsable_iva,790454279,Cali,Cra. 40 con Calle 120,Cra. 5 con Calle 50,sustainablecorp_358@empresa.com.co,342713993,telefono,Morales Rodríguez,Itaú,corriente,70733439472,materia_prima,22,Pérez Sánchez,Martínez Rodríguez,Vargas Jiménez,15,3,2025-07-04
PROV-000030,GlobalTrade Industries,NIT,44009081,False,no_responsable_iva,968183719,Medellín,Cra. 25 con Calle 45,Cra. 10 con Calle 70,globaltrade_943@yahoo.com,390963458,celular,Morales Ramírez,Citibank,corriente,71652685335,distribución,16,López García,González Ruiz,López Martínez,60,3,2024-11-01
PROV-000031,FastLogistics Group,NIT,65756703,True,responsable_iva,863462485,Bogotá,Cra. 15 con Calle 100,Cra. 40 con Calle 120,fastlogistics_293@yahoo.com,344246660,celular,Morales Gómez,Citibank,corriente,10224862744,distribución,8,García Torres,Cruz Rodríguez,Morales González,60,1,2025-09-18
PROV-000032,TechSolutions Supplier,CE,63645986,True,no_responsable_iva,917342808,Bogotá,Cra. 30 con Calle 60,Cra. 1 con Calle 1,techsolutions_745@yahoo.com,338542798,telefono,Cruz Rodríguez,Bancolombia,corriente,81883546247,materia_prima,10,González Ramírez,Sánchez López,Gómez Morales,15,4,2025-06-25
PROV-000033,EliteManufacturing Industries,CE,66259757,False,no_responsable_iva,957470250,Barranquilla,Cra. 35 con Calle 80,Cra. 20 con Calle 150,elitemanufacturing_223@hotmail.com,388963202,celular,Vargas Gómez,Citibank,ahorros,32993649095,servicios,11,Torres Cruz,Sánchez Vargas,Rodríguez Martínez,45,4,2024-07-15
PROV-000034,EliteManufacturing Industries,CE,78071343,False,responsable_iva,855519074,Cali,Cra. 1 con Calle 1,Cra. 45 con Calle 30,elitemanufacturing_355@empresa.com.co,339864027,celular,Torres Jiménez,Itaú,ahorros,19093824789,distribución,14,López Ramírez,Cruz Jiménez,Sánchez Morales,90,5,2025-01-12
PROV-000035,PowerDrive Co.,CC,81830383,False,responsable_iva,602453036,Cali,Cra. 45 con Calle 30,Cra. 15 con Calle 100,powerdrive_346@hotmail.com,341230282,telefono,García Sánchez,Citibank,corriente,36983436186,distribución,21,Morales Ramírez,Morales García,García Vargas,90,5,2026-04-23
PROV-000036,SpeedForward Industries,NIT,90892358,False,no_responsable_iva,403831292,Barranquilla,Cra. 40 con Calle 120,Cra. 35 con Calle 80,speedforward_837@hotmail.com,313781167,telefono,Sánchez Jiménez,Santander,ahorros,21568109137,tecnología,26,Jiménez Torres,Gómez Torres,Morales González,30,1,2025-07-31
PROV-000037,InterConnect Industries,CE,29396023,True,responsable_iva,640036644,Cali,Cra. 45 con Calle 30,Cra. 45 con Calle 30,interconnect_543@gmail.com,374159553,celular,Ruiz Jiménez,Banco Popular,ahorros,52905882867,consultoría,5,Gómez Cruz,Vargas Ruiz,González González,45,2,2025-06-19
PROV-000038,ImpactHub Co.,NIT,58340952,False,no_responsable_iva,355160398,Cali,Cra. 35 con Calle 80,Cra. 5 con Calle 50,impacthub_117@hotmail.com,394509104,telefono,Rodríguez Jiménez,Banco de Bogotá,ahorros,25931919860,servicios,20,Ruiz López,Gómez Sánchez,Torres Cruz,45,4,2025-07-27
PROV-000039,DirectSupply Co.,CC,24849526,True,no_responsable_iva,184949106,Medellín,Cra. 35 con Calle 80,Cra. 45 con Calle 30,directsupply_383@hotmail.com,349349264,telefono,García Sánchez,Citibank,ahorros,91162678002,distribución,9,López Cruz,Rodríguez Vargas,Rodríguez López,90,5,2025-07-31
PROV-000040,CareGroup Co.,NIT,66507435,True,no_responsable_iva,300830961,Medellín,Cra. 5 con Calle 50,Cra. 20 con Calle 150,caregroup_173@empresa.com.co,367747718,celular,García Jiménez,Itaú,corriente,22949748079,consultoría,24,Martínez Sánchez,López Sánchez,González Ramírez,60,4,2025-03-11
PROV-000041,InterConnect Supplier,NIT,52581961,False,responsable_iva,336996822,Barranquilla,Cra. 40 con Calle 120,Cra. 30 con Calle 60,interconnect_968@gmail.com,363653309,celular,Ruiz Ramírez,Bancolombia,corriente,53388532876,materia_prima,7,Jiménez Jiménez,Vargas Gómez,López López,15,5,2025-11-04
PROV-000042,DirectSupply Co.,NIT,38709523,True,no_responsable_iva,396884347,Cali,Cra. 25 con Calle 45,Cra. 25 con Calle 45,directsupply_692@yahoo.com,325186900,telefono,Vargas García,BBVA,ahorros,59790309003,tecnología,17,Ramírez Sánchez,López García,Torres Torres,90,1,2025-04-30
PROV-000043,CareGroup Supplier,CE,88111818,True,responsable_iva,535744612,Medellín,Cra. 20 con Calle 150,Cra. 35 con Calle 80,caregroup_155@yahoo.com,316291387,telefono,Cruz Morales,BBVA,corriente,10818161295,tecnología,7,Vargas López,Vargas Pérez,Ruiz Rodríguez,45,5,2025-10-28
PROV-000044,SustainableCorp Group,CC,48047332,False,no_responsable_iva,473031663,Cali,Cra. 30 con Calle 60,Cra. 10 con Calle 70,sustainablecorp_307@yahoo.com,361917898,celular,Pérez Martínez,Banco de Bogotá,corriente,10949497387,servicios,13,Jiménez Vargas,Pérez Martínez,Ruiz Vargas,30,2,2024-07-14
PROV-000045,PremiumServices Group,NIT,32639912,True,no_responsable_iva,900483111,Medellín,Cra. 40 con Calle 120,Cra. 40 con Calle 120,premiumservices_241@gmail.com,360272954,telefono,Sánchez Cruz,Banco de Bogotá,corriente,80214889579,distribución,10,Cruz González,Martínez García,Ramírez Ruiz,15,4,2026-04-10
PROV-000046,PureSource Group,CE,23331401,False,no_responsable_iva,192321660,Bucaramanga,Cra. 40 con Calle 120,Cra. 35 con Calle 80,puresource_393@gmail.com,378443671,telefono,Ramírez Ramírez,Bancolombia,ahorros,66156766163,distribución,30,Ramírez Cruz,Pérez Vargas,Rodríguez Pérez,60,4,2026-05-24
PROV-000047,PowerDrive Co.,CE,56458296,True,responsable_iva,570507602,Bucaramanga,Cra. 1 con Calle 1,Cra. 20 con Calle 150,powerdrive_603@empresa.com.co,331353768,telefono,Rodríguez Morales,Itaú,corriente,44392287879,consultoría,27,Gómez Rodríguez,Morales Sánchez,Sánchez Ramírez,60,5,2025-06-14
PROV-000048,TechSolutions Group,CC,43397697,False,no_responsable_iva,333519035,Barranquilla,Cra. 15 con Calle 100,Cra. 10 con Calle 70,techsolutions_799@gmail.com,362581753,telefono,Vargas Gómez,Banco Popular,ahorros,57835530917,consultoría,28,Cruz Ramírez,Sánchez López,Sánchez Pérez,90,2,2024-10-17
PROV-000049,GreenEarth Industries,NIT,80710445,False,no_responsable_iva,181359368,Bogotá,Cra. 40 con Calle 120,Cra. 1 con Calle 1,greenearth_499@yahoo.com,389399086,telefono,Rodríguez Morales,Bancolombia,ahorros,50507986268,tecnología,9,Ramírez Sánchez,Gómez Vargas,Cruz López,90,4,2025-01-19
PROV-000050,EliteManufacturing Group,CC,98966192,False,responsable_iva,988252789,Medellín,Cra. 25 con Calle 45,Cra. 20 con Calle 150,elitemanufacturing_734@yahoo.com,332435496,telefono,Sánchez Ruiz,Banco de Bogotá,corriente,77293200378,distribución,2,Ramírez Martínez,García Martínez,Torres Cruz,90,2,2024-12-29
PROV-000051,SmartBuild Group,CC,60366719,True,no_responsable_iva,903843996,Bucaramanga,Cra. 40 con Calle 120,Cra. 1 con Calle 1,smartbuild_325@gmail.com,337793652,celular,Vargas Ramírez,Itaú,ahorros,61915612924,distribución,17,Ruiz González,Sánchez Gómez,López Sánchez,45,4,2025-10-11
PROV-000052,VentureTech Industries,NIT,50115095,True,responsable_iva,521817750,Barranquilla,Cra. 35 con Calle 80,Cra. 10 con Calle 70,venturetech_411@gmail.com,360757692,telefono,García Jiménez,Banco de Bogotá,ahorros,40343262238,distribución,3,Gómez Vargas,Ramírez López,Sánchez Rodríguez,30,1,2024-10-01
PROV-000053,ImpactHub Industries,CE,34164170,True,no_responsable_iva,219864746,Cali,Cra. 40 con Calle 120,Cra. 35 con Calle 80,impacthub_313@gmail.com,395723041,telefono,Ramírez González,Bancolombia,ahorros,53197704955,tecnología,11,Morales Cruz,Jiménez Ramírez,González Ruiz,90,4,2026-01-06
PROV-000054,FastLogistics Industries,CE,97247559,True,responsable_iva,498536739,Bogotá,Cra. 5 con Calle 50,Cra. 40 con Calle 120,fastlogistics_815@yahoo.com,365854361,celular,López Jiménez,Citibank,corriente,76671969852,servicios,29,García Ramírez,Vargas Rodríguez,Gómez Jiménez,60,4,2025-10-23
PROV-000055,PremiumServices Supplier,CE,42788053,True,no_responsable_iva,741268536,Medellín,Cra. 40 con Calle 120,Cra. 35 con Calle 80,premiumservices_523@empresa.com.co,335146559,telefono,González Pérez,Santander,corriente,71639920464,consultoría,10,García Pérez,García Rodríguez,García Cruz,15,3,2024-11-23
PROV-000056,PremiumServices Group,NIT,63375601,True,no_responsable_iva,980317603,Bogotá,Cra. 25 con Calle 45,Cra. 30 con Calle 60,premiumservices_355@hotmail.com,388530298,telefono,Vargas Vargas,Itaú,corriente,99725178397,servicios,2,Martínez Morales,Gómez Ramírez,Ruiz Gómez,30,3,2026-04-06
PROV-000057,InterConnect Co.,CE,23631568,False,no_responsable_iva,964765341,Medellín,Cra. 20 con Calle 150,Cra. 15 con Calle 100,interconnect_281@yahoo.com,325674573,celular,Pérez García,Santander,corriente,84306179581,distribución,23,Vargas Gómez,Torres Cruz,Pérez Torres,60,3,2024-09-02
PROV-000058,PowerDrive Co.,NIT,40638513,True,no_responsable_iva,159622014,Bucaramanga,Cra. 5 con Calle 50,Cra. 45 con Calle 30,powerdrive_294@empresa.com.co,323029375,telefono,González Torres,Bancolombia,corriente,18265840235,servicios,28,García Ruiz,Sánchez García,Sánchez Sánchez,60,1,2025-03-16
PROV-000059,InnovateMart Group,CC,60894722,True,no_responsable_iva,133495636,Bogotá,Cra. 20 con Calle 150,Cra. 30 con Calle 60,innovatemart_662@hotmail.com,390429629,celular,Rodríguez Vargas,Itaú,corriente,98202978246,materia_prima,15,García Sánchez,Ramírez Jiménez,García Pérez,45,2,2025-03-22
PROV-000060,VentureTech Supplier,CE,96990046,True,no_responsable_iva,433639278,Medellín,Cra. 35 con Calle 80,Cra. 40 con Calle 120,venturetech_587@yahoo.com,334657397,celular,Torres Ramírez,Banco de Bogotá,ahorros,91637616804,distribución,16,Ruiz González,Ruiz Martínez,Ruiz Morales,30,5,2024-08-28
PROV-000061,CyberVault Co.,NIT,83295456,True,no_responsable_iva,484981219,Bucaramanga,Cra. 40 con Calle 120,Cra. 5 con Calle 50,cybervault_392@empresa.com.co,311334939,celular,Gómez González,Bancolombia,corriente,67615789431,servicios,27,López Jiménez,Vargas González,Ruiz Vargas,15,5,2025-03-07
PROV-000062,GreenEarth Group,CC,80893782,False,responsable_iva,633462185,Bogotá,Cra. 10 con Calle 70,Cra. 30 con Calle 60,greenearth_420@gmail.com,328593103,celular,Gómez Jiménez,Itaú,corriente,35462748329,tecnología,12,López García,Sánchez Martínez,González Gómez,90,1,2024-08-22
PROV-000063,PowerDrive Supplier,CE,81734093,False,no_responsable_iva,457953177,Medellín,Cra. 25 con Calle 45,Cra. 20 con Calle 150,powerdrive_246@gmail.com,330446860,celular,Ramírez Martínez,BBVA,ahorros,20878985036,consultoría,10,Ruiz Morales,Pérez López,Sánchez López,15,1,2025-09-16
PROV-000064,FastLogistics Industries,CC,23207372,False,responsable_iva,734916684,Cali,Cra. 1 con Calle 1,Cra. 15 con Calle 100,fastlogistics_830@gmail.com,384849496,celular,Jiménez González,Santander,corriente,16121225027,consultoría,27,Vargas Rodríguez,Jiménez González,Jiménez Vargas,90,2,2025-03-20
PROV-000065,EliteManufacturing Group,CE,37062271,True,responsable_iva,487555072,Bucaramanga,Cra. 40 con Calle 120,Cra. 45 con Calle 30,elitemanufacturing_210@gmail.com,385000890,celular,Morales García,Banco Popular,ahorros,51937449694,tecnología,18,Martínez Sánchez,Morales Martínez,González López,15,1,2024-11-22
PROV-000066,CloudNine Co.,NIT,31033724,False,responsable_iva,993987612,Medellín,Cra. 45 con Calle 30,Cra. 35 con Calle 80,cloudnine_980@yahoo.com,310176813,telefono,González Pérez,Itaú,ahorros,38790477876,materia_prima,26,Ruiz Pérez,Rodríguez Torres,Morales Martínez,30,4,2025-09-12
PROV-000067,SpeedForward Industries,NIT,33583573,True,responsable_iva,250398181,Medellín,Cra. 20 con Calle 150,Cra. 15 con Calle 100,speedforward_251@yahoo.com,352826651,celular,Gómez García,Citibank,corriente,45704476976,consultoría,20,Ruiz Ramírez,Jiménez Ramírez,López López,60,1,2025-03-03
PROV-000068,GlobalTrade Co.,CC,70380789,True,responsable_iva,341045983,Bucaramanga,Cra. 15 con Calle 100,Cra. 35 con Calle 80,globaltrade_541@yahoo.com,314063720,telefono,Morales García,Santander,corriente,79979952835,distribución,6,Vargas Cruz,Martínez Torres,Sánchez Ramírez,30,2,2025-08-22
PROV-000069,ImpactHub Co.,CC,77194932,True,responsable_iva,731776679,Medellín,Cra. 30 con Calle 60,Cra. 30 con Calle 60,impacthub_817@hotmail.com,385267825,telefono,Jiménez Vargas,Citibank,ahorros,62942931213,distribución,16,Morales García,Rodríguez Morales,Ruiz Gómez,15,4,2025-06-02
PROV-000070,PureSource Co.,NIT,44584491,False,responsable_iva,902188569,Medellín,Cra. 1 con Calle 1,Cra. 35 con Calle 80,puresource_177@gmail.com,377065553,celular,Vargas Gómez,Bancolombia,corriente,49986409139,servicios,24,Vargas Ruiz,López López,Ruiz González,15,4,2025-01-29
PROV-000071,GlobalTrade Co.,NIT,65630139,True,no_responsable_iva,783546652,Medellín,Cra. 45 con Calle 30,Cra. 45 con Calle 30,globaltrade_908@gmail.com,330210673,telefono,Morales Torres,Citibank,ahorros,68192701820,materia_prima,24,Martínez Martínez,Ramírez González,Torres Sánchez,60,4,2024-10-09
PROV-000072,PowerDrive Co.,CC,16538274,True,responsable_iva,395186696,Barranquilla,Cra. 40 con Calle 120,Cra. 5 con Calle 50,powerdrive_257@hotmail.com,311019893,celular,López Ruiz,BBVA,corriente,64343350004,materia_prima,7,González Jiménez,Gómez García,Vargas Morales,90,4,2024-08-16
PROV-000073,InnovateMart Industries,NIT,13931339,False,responsable_iva,616944050,Medellín,Cra. 20 con Calle 150,Cra. 1 con Calle 1,innovatemart_214@gmail.com,326454248,telefono,Pérez García,Banco de Bogotá,corriente,88032839878,materia_prima,30,Rodríguez Vargas,Pérez López,Morales Sánchez,60,2,2025-10-18
PROV-000074,PureSource Supplier,NIT,12419898,True,responsable_iva,740456319,Bogotá,Cra. 1 con Calle 1,Cra. 40 con Calle 120,puresource_898@yahoo.com,337535300,celular,Pérez Sánchez,Citibank,ahorros,50868597685,distribución,20,Sánchez González,Vargas Ruiz,Torres Vargas,60,1,2026-03-09
PROV-000075,EcoProducts Co.,CC,32411747,False,responsable_iva,513029024,Cali,Cra. 15 con Calle 100,Cra. 10 con Calle 70,ecoproducts_929@gmail.com,324194171,celular,Pérez Sánchez,Citibank,ahorros,81522720219,materia_prima,1,Martínez Ramírez,García Martínez,Cruz Cruz,90,4,2025-07-13
PROV-000076,GreenEarth Industries,CE,46291439,False,responsable_iva,465139766,Medellín,Cra. 20 con Calle 150,Cra. 45 con Calle 30,greenearth_564@gmail.com,310829795,telefono,Ruiz Jiménez,Bancolombia,ahorros,87436795798,distribución,30,Morales Gómez,González Gómez,Rodríguez Rodríguez,30,2,2026-02-23
PROV-000077,PowerDrive Group,NIT,24161665,True,responsable_iva,995432090,Bucaramanga,Cra. 35 con Calle 80,Cra. 30 con Calle 60,powerdrive_837@gmail.com,368412843,telefono,Martínez González,Bancolombia,ahorros,30003435167,servicios,6,García Ruiz,Rodríguez Torres,González Rodríguez,90,1,2024-07-28
PROV-000078,FastLogistics Industries,NIT,31292599,False,responsable_iva,557452328,Cali,Cra. 1 con Calle 1,Cra. 40 con Calle 120,fastlogistics_802@empresa.com.co,324535227,celular,López Jiménez,Citibank,ahorros,31895802582,materia_prima,24,Ramírez Gómez,López González,Vargas Jiménez,90,5,2025-06-20
PROV-000079,FastLogistics Co.,NIT,35162408,False,no_responsable_iva,382610412,Medellín,Cra. 30 con Calle 60,Cra. 5 con Calle 50,fastlogistics_409@yahoo.com,362701651,telefono,Rodríguez Torres,Citibank,corriente,65317173057,tecnología,14,González Jiménez,Torres Pérez,Ruiz Cruz,15,5,2025-11-26
PROV-000080,SpeedForward Supplier,CC,80521812,False,responsable_iva,348087559,Barranquilla,Cra. 20 con Calle 150,Cra. 35 con Calle 80,speedforward_136@gmail.com,379862989,telefono,López Torres,BBVA,corriente,48457573669,distribución,23,Rodríguez Martínez,García Rodríguez,Cruz Vargas,45,1,2026-06-06
PROV-000081,DirectSupply Group,CE,44379107,True,no_responsable_iva,803844059,Cali,Cra. 20 con Calle 150,Cra. 20 con Calle 150,directsupply_645@gmail.com,347569311,telefono,Sánchez López,Itaú,ahorros,74972028130,servicios,23,Martínez Jiménez,Rodríguez Vargas,Ruiz Morales,60,3,2025-08-16
PROV-000082,InnovateMart Group,CE,56869150,False,no_responsable_iva,862560537,Bogotá,Cra. 20 con Calle 150,Cra. 45 con Calle 30,innovatemart_565@gmail.com,395264569,celular,Martínez Sánchez,Santander,ahorros,58109681881,servicios,15,García Pérez,Martínez Torres,Pérez Vargas,30,5,2026-03-07
PROV-000083,CyberVault Co.,NIT,86890782,False,no_responsable_iva,224708818,Cali,Cra. 30 con Calle 60,Cra. 25 con Calle 45,cybervault_120@empresa.com.co,326189217,telefono,Sánchez García,BBVA,ahorros,32976422702,materia_prima,21,Gómez Ruiz,Pérez González,Cruz Ruiz,45,3,2024-09-25
PROV-000084,GlobalTrade Supplier,NIT,64032695,True,responsable_iva,235296738,Cali,Cra. 35 con Calle 80,Cra. 10 con Calle 70,globaltrade_143@yahoo.com,341223432,telefono,García Vargas,Banco Popular,corriente,97410617209,distribución,20,Ruiz Sánchez,Ruiz Ramírez,Ruiz Ruiz,90,2,2025-05-20
PROV-000085,EliteManufacturing Group,NIT,90763290,True,no_responsable_iva,318669545,Barranquilla,Cra. 10 con Calle 70,Cra. 25 con Calle 45,elitemanufacturing_752@hotmail.com,349255973,telefono,López Vargas,Banco Popular,corriente,75348330480,tecnología,28,Ramírez García,López Ramírez,Cruz González,30,2,2025-03-07
PROV-000086,DigitalPulse Industries,CE,52289269,True,responsable_iva,314134479,Medellín,Cra. 35 con Calle 80,Cra. 20 con Calle 150,digitalpulse_940@yahoo.com,361415593,telefono,Morales Martínez,Itaú,corriente,25484517903,materia_prima,7,Ramírez Cruz,Rodríguez Ruiz,Ramírez Vargas,45,5,2026-06-12
PROV-000087,FastLogistics Group,NIT,17915685,False,responsable_iva,369640405,Cali,Cra. 15 con Calle 100,Cra. 35 con Calle 80,fastlogistics_720@hotmail.com,381917882,celular,Gómez Ramírez,Banco Popular,corriente,66153603976,servicios,30,Torres Gómez,Ramírez Martínez,García Morales,90,5,2025-07-14
PROV-000088,DirectSupply Co.,NIT,19620213,False,no_responsable_iva,476766844,Bucaramanga,Cra. 10 con Calle 70,Cra. 25 con Calle 45,directsupply_376@gmail.com,361890974,celular,Morales Ruiz,BBVA,corriente,76248548273,consultoría,8,Jiménez Pérez,López Cruz,Morales Ruiz,30,4,2025-10-31
PROV-000089,EcoProducts Group,CE,66597745,True,responsable_iva,968814381,Medellín,Cra. 20 con Calle 150,Cra. 35 con Calle 80,ecoproducts_156@empresa.com.co,364782942,celular,Morales Jiménez,Banco de Bogotá,ahorros,48625108243,tecnología,20,García Rodríguez,Torres López,López Vargas,45,2,2026-02-16
PROV-000090,SkyBridge Supplier,NIT,86553610,False,no_responsable_iva,115540602,Bucaramanga,Cra. 10 con Calle 70,Cra. 35 con Calle 80,skybridge_558@yahoo.com,331839999,telefono,Ramírez Jiménez,Santander,ahorros,66598097581,tecnología,10,Vargas Ruiz,Rodríguez Rodríguez,López Morales,90,2,2024-09-02
PROV-000091,ImpactHub Industries,NIT,87843487,True,no_responsable_iva,918137390,Bogotá,Cra. 35 con Calle 80,Cra. 5 con Calle 50,impacthub_315@gmail.com,362173427,celular,Jiménez Cruz,Banco de Bogotá,corriente,36384850822,materia_prima,15,López Martínez,Jiménez Torres,Vargas Ramírez,45,4,2026-06-08
PROV-000092,EcoProducts Supplier,CE,17888803,True,responsable_iva,561833728,Barranquilla,Cra. 1 con Calle 1,Cra. 35 con Calle 80,ecoproducts_980@gmail.com,382212828,telefono,Cruz Martínez,Banco Popular,ahorros,45200125382,servicios,30,Ramírez Pérez,Sánchez López,Cruz García,60,1,2026-02-20
PROV-000093,SustainableCorp Co.,NIT,96045840,True,responsable_iva,967668492,Cali,Cra. 15 con Calle 100,Cra. 25 con Calle 45,sustainablecorp_131@yahoo.com,356484025,telefono,Vargas Vargas,BBVA,corriente,70908623525,consultoría,18,Jiménez Sánchez,González Cruz,Ramírez Morales,30,1,2026-03-11
PROV-000094,GreenEarth Group,CE,34098652,False,no_responsable_iva,589611974,Barranquilla,Cra. 35 con Calle 80,Cra. 1 con Calle 1,greenearth_799@gmail.com,373899044,celular,Cruz López,Santander,ahorros,63280637000,servicios,14,Ruiz Rodríguez,González Ruiz,Pérez López,60,5,2025-10-27
PROV-000095,FutureWorks Co.,CE,83577234,False,responsable_iva,945818339,Bucaramanga,Cra. 10 con Calle 70,Cra. 45 con Calle 30,futureworks_243@gmail.com,381161419,telefono,Pérez González,BBVA,ahorros,47935474443,consultoría,8,Vargas Vargas,Rodríguez García,Torres Ruiz,45,2,2025-01-11
PROV-000096,PowerDrive Industries,CC,74419148,False,no_responsable_iva,268601850,Bogotá,Cra. 25 con Calle 45,Cra. 45 con Calle 30,powerdrive_311@empresa.com.co,334967898,celular,Martínez Martínez,Banco de Bogotá,corriente,94381056464,consultoría,23,Morales López,González Cruz,Pérez Morales,15,5,2025-10-11
PROV-000097,SustainableCorp Group,NIT,48073854,True,no_responsable_iva,632540074,Medellín,Cra. 20 con Calle 150,Cra. 10 con Calle 70,sustainablecorp_520@yahoo.com,327695670,celular,Jiménez Jiménez,Bancolombia,corriente,82895444386,materia_prima,25,Cruz Torres,González Vargas,López Cruz,45,1,2025-02-05
PROV-000098,GreenEarth Co.,CC,38906519,True,responsable_iva,995920202,Bogotá,Cra. 45 con Calle 30,Cra. 15 con Calle 100,greenearth_659@hotmail.com,315017929,telefono,López Gómez,Santander,corriente,43141269147,consultoría,4,Jiménez Rodríguez,Torres López,Martínez González,60,5,2025-09-21
PROV-000099,ProccessFlow Co.,NIT,91507083,True,no_responsable_iva,359921169,Medellín,Cra. 10 con Calle 70,Cra. 30 con Calle 60,proccessflow_457@gmail.com,379357938,celular,Morales Jiménez,Citibank,ahorros,52692865216,materia_prima,29,Martínez Sánchez,Ramírez Ramírez,Sánchez Sánchez,30,3,2026-05-09
PROV-000100,ImpactHub Industries,CC,47618579,True,responsable_iva,819217864,Medellín,Cra. 30 con Calle 60,Cra. 35 con Calle 80,impacthub_453@empresa.com.co,357554362,celular,Rodríguez Sánchez,Bancolombia,ahorros,55123945373,tecnología,16,Gómez Morales,Ramírez Pérez,Jiménez Martínez,60,2,2025-05-03
PROV-000101,GlobalTrade Industries,NIT,12978497,True,no_responsable_iva,624375477,Cali,Cra. 35 con Calle 80,Cra. 45 con Calle 30,globaltrade_536@gmail.com,336911883,celular,Martínez Ramírez,Banco Popular,ahorros,99079204747,servicios,14,Gómez González,Jiménez López,López García,60,1,2026-01-03
PROV-000102,GlobalTrade Co.,CE,77121593,True,responsable_iva,215795987,Barranquilla,Cra. 20 con Calle 150,Cra. 5 con Calle 50,globaltrade_384@hotmail.com,372519927,telefono,Pérez Ramírez,Banco Popular,ahorros,98180549396,materia_prima,15,Morales Rodríguez,Ruiz López,Sánchez García,30,1,2025-09-07
PROV-000103,FutureWorks Supplier,CE,74496976,True,no_responsable_iva,458920444,Bucaramanga,Cra. 30 con Calle 60,Cra. 1 con Calle 1,futureworks_732@gmail.com,335421647,telefono,García Cruz,BBVA,ahorros,39394874961,consultoría,15,Gómez Torres,García González,García Sánchez,60,3,2026-01-11
PROV-000104,SkyBridge Group,CE,48478315,True,responsable_iva,865260787,Barranquilla,Cra. 15 con Calle 100,Cra. 30 con Calle 60,skybridge_906@yahoo.com,372654949,celular,Sánchez Martínez,Santander,corriente,84491305374,distribución,25,Sánchez García,Pérez García,Martínez Martínez,45,2,2025-08-04
PROV-000105,SpeedForward Group,NIT,86174578,False,responsable_iva,829789748,Medellín,Cra. 25 con Calle 45,Cra. 1 con Calle 1,speedforward_801@gmail.com,353027635,celular,Jiménez González,Banco de Bogotá,corriente,38479216054,materia_prima,9,Gómez Jiménez,Pérez Ruiz,Gómez Vargas,30,3,2025-10-25
PROV-000106,EcoProducts Group,CC,93237829,True,no_responsable_iva,140656290,Cali,Cra. 15 con Calle 100,Cra. 45 con Calle 30,ecoproducts_682@gmail.com,372982851,telefono,Ruiz Torres,Banco de Bogotá,ahorros,42458256563,materia_prima,16,Martínez López,Martínez López,Martínez Morales,45,4,2026-05-20
PROV-000107,ProccessFlow Co.,CE,89567725,True,responsable_iva,466963730,Barranquilla,Cra. 45 con Calle 30,Cra. 15 con Calle 100,proccessflow_361@empresa.com.co,349061523,telefono,González Ramírez,Santander,corriente,35486304669,servicios,28,Vargas Sánchez,Ruiz González,Pérez Vargas,15,1,2026-02-06
PROV-000108,VentureTech Group,NIT,41232170,True,responsable_iva,717244456,Bogotá,Cra. 25 con Calle 45,Cra. 25 con Calle 45,venturetech_244@empresa.com.co,337983861,telefono,Jiménez Rodríguez,Santander,corriente,87762852540,materia_prima,9,Ruiz Pérez,García Gómez,Sánchez Ruiz,90,1,2024-08-04
PROV-000109,GlobalTrade Co.,NIT,31651063,False,responsable_iva,125746647,Medellín,Cra. 1 con Calle 1,Cra. 30 con Calle 60,globaltrade_620@empresa.com.co,374774764,celular,Gómez Jiménez,Citibank,corriente,34527526664,consultoría,12,García Torres,Vargas González,Ramírez González,15,5,2026-03-08
PROV-000110,ImpactHub Co.,NIT,99191808,True,no_responsable_iva,371660952,Barranquilla,Cra. 1 con Calle 1,Cra. 15 con Calle 100,impacthub_775@empresa.com.co,341636194,celular,Morales Gómez,Citibank,corriente,78402794955,tecnología,12,Gómez Ramírez,Rodríguez Morales,Gómez Torres,30,5,2025-01-25
PROV-000111,ProccessFlow Group,CE,71310310,False,no_responsable_iva,908103720,Bogotá,Cra. 45 con Calle 30,Cra. 10 con Calle 70,proccessflow_847@gmail.com,384604962,telefono,Jiménez Pérez,Bancolombia,ahorros,27047331758,tecnología,17,Martínez Sánchez,Ramírez Sánchez,Ramírez Vargas,45,3,2026-04-12
PROV-000112,TechSolutions Supplier,NIT,17196529,False,no_responsable_iva,313354492,Cali,Cra. 1 con Calle 1,Cra. 15 con Calle 100,techsolutions_511@yahoo.com,316009928,telefono,Torres Martínez,Itaú,ahorros,76280215820,materia_prima,13,Sánchez Jiménez,Sánchez Torres,García Ramírez,30,5,2024-08-07
PROV-000113,SpeedForward Group,CE,25241204,True,no_responsable_iva,788107985,Cali,Cra. 40 con Calle 120,Cra. 10 con Calle 70,speedforward_637@yahoo.com,336675914,celular,Martínez Morales,Bancolombia,corriente,81332991977,consultoría,2,Gómez Pérez,García González,López González,30,4,2024-09-03
PROV-000114,DigitalPulse Co.,CC,13676744,True,no_responsable_iva,690226442,Bogotá,Cra. 40 con Calle 120,Cra. 10 con Calle 70,digitalpulse_468@gmail.com,398038609,celular,Vargas Cruz,Santander,corriente,13855000909,distribución,3,Torres Jiménez,Rodríguez García,Rodríguez Sánchez,45,1,2025-09-24
PROV-000115,QuantumLeap Supplier,CC,78396409,True,responsable_iva,184865915,Bucaramanga,Cra. 20 con Calle 150,Cra. 25 con Calle 45,quantumleap_765@gmail.com,323970412,telefono,Martínez Morales,Bancolombia,ahorros,83062481799,consultoría,21,Sánchez Torres,Vargas Torres,Martínez Rodríguez,45,2,2025-08-29
PROV-000116,DirectSupply Industries,CE,96163804,False,no_responsable_iva,852108885,Cali,Cra. 35 con Calle 80,Cra. 40 con Calle 120,directsupply_545@yahoo.com,386950826,telefono,Sánchez Jiménez,Bancolombia,corriente,76849695967,materia_prima,11,Morales Martínez,Martínez Ruiz,Jiménez Ruiz,45,1,2026-01-23
PROV-000117,SmartBuild Group,NIT,36189928,False,no_responsable_iva,650648370,Barranquilla,Cra. 5 con Calle 50,Cra. 35 con Calle 80,smartbuild_233@yahoo.com,393351713,telefono,Morales García,Citibank,corriente,85376212226,servicios,1,Cruz González,González Gómez,Pérez Morales,15,1,2024-07-31
PROV-000118,GreenEarth Supplier,CC,28108289,True,responsable_iva,291291432,Bucaramanga,Cra. 30 con Calle 60,Cra. 1 con Calle 1,greenearth_824@yahoo.com,326622173,telefono,López Morales,BBVA,corriente,89704536392,tecnología,26,Sánchez Ramírez,Ruiz Ramírez,Sánchez Martínez,15,5,2025-09-20
PROV-000119,ValueChain Supplier,NIT,37439031,True,responsable_iva,152519700,Medellín,Cra. 25 con Calle 45,Cra. 5 con Calle 50,valuechain_472@gmail.com,322789243,celular,Ramírez Ramírez,Bancolombia,corriente,26876161370,materia_prima,12,Martínez Martínez,González Torres,Torres Ramírez,45,5,2025-11-10
PROV-000120,FutureWorks Group,CE,52794227,False,no_responsable_iva,949859478,Cali,Cra. 15 con Calle 100,Cra. 5 con Calle 50,futureworks_988@empresa.com.co,330493334,telefono,Cruz Rodríguez,BBVA,ahorros,81074023721,distribución,10,Sánchez Rodríguez,García López,García González,15,2,2024-07-12
PROV-000121,SmartBuild Co.,CC,19129306,False,responsable_iva,438171229,Bogotá,Cra. 15 con Calle 100,Cra. 15 con Calle 100,smartbuild_155@gmail.com,332258513,celular,Pérez González,Itaú,ahorros,73318893865,consultoría,16,Morales Pérez,Gómez Gómez,Morales Jiménez,60,1,2024-11-07
PROV-000122,ValueChain Co.,CE,20099734,True,responsable_iva,659920786,Cali,Cra. 1 con Calle 1,Cra. 45 con Calle 30,valuechain_816@yahoo.com,337852100,telefono,García Pérez,Banco de Bogotá,ahorros,60501687613,tecnología,29,García Morales,Morales González,Cruz Torres,45,1,2025-10-16
PROV-000123,DigitalPulse Group,CE,99824539,False,responsable_iva,747250134,Bucaramanga,Cra. 25 con Calle 45,Cra. 25 con Calle 45,digitalpulse_534@empresa.com.co,322252005,telefono,García Sánchez,Santander,corriente,76359932243,materia_prima,16,Gómez García,Jiménez Morales,Ruiz González,15,1,2026-01-18
PROV-000124,InterConnect Co.,NIT,21523924,True,no_responsable_iva,238984471,Medellín,Cra. 35 con Calle 80,Cra. 10 con Calle 70,interconnect_992@empresa.com.co,330213209,telefono,Pérez García,Itaú,ahorros,32263789445,materia_prima,26,Gómez Rodríguez,Rodríguez Jiménez,Pérez Pérez,45,2,2025-04-11
PROV-000125,SpeedForward Supplier,CE,80637284,True,no_responsable_iva,596543481,Bucaramanga,Cra. 20 con Calle 150,Cra. 35 con Calle 80,speedforward_299@empresa.com.co,397601463,celular,González Jiménez,BBVA,corriente,18431254534,tecnología,14,Ruiz García,Cruz García,Rodríguez López,90,2,2026-05-17
PROV-000126,SpeedForward Group,CC,22156837,True,no_responsable_iva,225390869,Bogotá,Cra. 25 con Calle 45,Cra. 40 con Calle 120,speedforward_879@yahoo.com,319586082,telefono,Morales Gómez,Citibank,ahorros,30302262157,distribución,11,Ramírez Gómez,López Sánchez,Torres Vargas,60,5,2024-11-10
PROV-000127,SmartBuild Supplier,CC,87051423,False,responsable_iva,282184740,Cali,Cra. 30 con Calle 60,Cra. 25 con Calle 45,smartbuild_623@hotmail.com,351065111,telefono,Morales Martínez,Santander,ahorros,49489993175,materia_prima,11,Sánchez Cruz,Vargas García,Jiménez Jiménez,30,5,2025-02-20
PROV-000128,GlobalTrade Industries,NIT,23821586,True,no_responsable_iva,517941693,Bogotá,Cra. 1 con Calle 1,Cra. 20 con Calle 150,globaltrade_921@gmail.com,365160786,celular,García Pérez,Bancolombia,corriente,95177390871,distribución,16,Vargas Torres,Jiménez Torres,Jiménez Gómez,15,3,2024-10-08
PROV-000129,EcoProducts Group,NIT,50841253,False,no_responsable_iva,369271528,Cali,Cra. 45 con Calle 30,Cra. 10 con Calle 70,ecoproducts_942@yahoo.com,320831304,telefono,Gómez González,Santander,ahorros,40224365920,consultoría,13,Pérez Vargas,Cruz Morales,Morales Sánchez,30,1,2025-04-29
PROV-000130,SmartBuild Supplier,CC,28561149,True,responsable_iva,920708325,Medellín,Cra. 45 con Calle 30,Cra. 5 con Calle 50,smartbuild_828@yahoo.com,326590720,telefono,López González,Santander,ahorros,62731909207,distribución,22,Jiménez Jiménez,García García,Sánchez Sánchez,30,4,2025-07-19
PROV-000131,GreenEarth Co.,CE,27279682,True,responsable_iva,289637362,Bogotá,Cra. 30 con Calle 60,Cra. 40 con Calle 120,greenearth_312@hotmail.com,364667150,celular,Gómez García,Banco de Bogotá,ahorros,77233696696,servicios,30,Gómez Vargas,Cruz López,Morales Pérez,30,5,2026-03-06
PROV-000132,VentureTech Industries,CC,10223984,True,responsable_iva,319181238,Bogotá,Cra. 35 con Calle 80,Cra. 35 con Calle 80,venturetech_344@empresa.com.co,380461327,celular,Ramírez Cruz,Santander,ahorros,16528916315,materia_prima,4,Pérez Vargas,Morales Ruiz,Gómez López,90,4,2026-05-22
PROV-000133,PureSource Supplier,CC,61648833,False,responsable_iva,770178737,Barranquilla,Cra. 1 con Calle 1,Cra. 5 con Calle 50,puresource_102@yahoo.com,362089239,telefono,Gómez Sánchez,Bancolombia,ahorros,34507206600,tecnología,2,Sánchez Martínez,Jiménez López,Morales Gómez,15,4,2026-06-11
PROV-000134,ProccessFlow Group,CE,78753707,False,responsable_iva,927239338,Bogotá,Cra. 25 con Calle 45,Cra. 10 con Calle 70,proccessflow_565@hotmail.com,361437283,telefono,Ruiz Rodríguez,Citibank,corriente,24185968901,distribución,2,Torres Cruz,Ramírez González,Sánchez López,90,2,2026-05-23
PROV-000135,PureSource Co.,CC,38118425,False,responsable_iva,372951331,Bogotá,Cra. 45 con Calle 30,Cra. 10 con Calle 70,puresource_932@gmail.com,379953470,telefono,Morales García,Santander,corriente,95915199058,tecnología,4,López Gómez,Pérez Martínez,Pérez Ramírez,15,5,2025-02-11
PROV-000136,GlobalTrade Industries,CE,53595982,False,responsable_iva,469847136,Medellín,Cra. 30 con Calle 60,Cra. 10 con Calle 70,globaltrade_751@yahoo.com,336970239,telefono,Torres Sánchez,Banco Popular,ahorros,46670272222,distribución,12,Jiménez Cruz,González Vargas,López Rodríguez,60,1,2026-05-11
PROV-000137,EcoProducts Industries,CE,51368674,False,responsable_iva,659006230,Bucaramanga,Cra. 25 con Calle 45,Cra. 25 con Calle 45,ecoproducts_490@yahoo.com,323596272,celular,Gómez López,Citibank,corriente,19792336817,servicios,24,Pérez González,Vargas Gómez,Rodríguez Torres,45,5,2025-09-16
PROV-000138,ValueChain Industries,CE,76708731,False,responsable_iva,179674320,Cali,Cra. 1 con Calle 1,Cra. 30 con Calle 60,valuechain_673@yahoo.com,358678825,telefono,Sánchez Morales,Citibank,corriente,18970734307,distribución,6,Torres Cruz,Rodríguez García,Torres Cruz,45,1,2025-04-07
PROV-000139,FutureWorks Supplier,CC,85641124,False,responsable_iva,799006281,Medellín,Cra. 15 con Calle 100,Cra. 35 con Calle 80,futureworks_771@gmail.com,341397708,celular,Ruiz González,Itaú,ahorros,30063771989,servicios,10,Cruz Gómez,Ramírez Jiménez,Sánchez Gómez,90,1,2026-02-20
PROV-000140,EliteManufacturing Group,CC,69705323,True,no_responsable_iva,586677170,Barranquilla,Cra. 10 con Calle 70,Cra. 30 con Calle 60,elitemanufacturing_670@yahoo.com,390968095,telefono,Morales Jiménez,Citibank,corriente,26147306401,servicios,16,Martínez González,García Ramírez,Gómez Gómez,60,2,2026-01-23
PROV-000141,ProccessFlow Group,CE,71384577,True,responsable_iva,380065002,Barranquilla,Cra. 30 con Calle 60,Cra. 45 con Calle 30,proccessflow_733@gmail.com,338770231,celular,López Torres,Citibank,corriente,45644166647,distribución,17,Gómez González,Martínez Cruz,Sánchez López,15,5,2024-10-29
PROV-000142,SmartBuild Group,CC,72079822,True,no_responsable_iva,200553533,Barranquilla,Cra. 35 con Calle 80,Cra. 5 con Calle 50,smartbuild_801@gmail.com,343211552,telefono,Cruz Sánchez,Santander,corriente,94676244262,distribución,2,Pérez Cruz,Jiménez Martínez,Vargas Jiménez,90,2,2025-04-25
PROV-000143,ImpactHub Industries,NIT,17559676,False,responsable_iva,878699646,Cali,Cra. 20 con Calle 150,Cra. 45 con Calle 30,impacthub_343@yahoo.com,377483774,telefono,Ruiz Vargas,Citibank,corriente,59011859688,servicios,7,Sánchez González,Ramírez Gómez,Pérez Ramírez,30,1,2026-05-11
PROV-000144,PowerDrive Co.,CC,25367500,True,no_responsable_iva,836295212,Bogotá,Cra. 15 con Calle 100,Cra. 35 con Calle 80,powerdrive_260@hotmail.com,382648556,celular,López Gómez,Banco de Bogotá,corriente,58667617124,servicios,19,Gómez López,Rodríguez Vargas,Pérez González,15,5,2026-02-03
PROV-000145,EliteManufacturing Supplier,NIT,11451451,False,responsable_iva,710536381,Bogotá,Cra. 35 con Calle 80,Cra. 45 con Calle 30,elitemanufacturing_756@yahoo.com,377823896,telefono,Pérez Ramírez,BBVA,corriente,61972853690,servicios,13,González Ruiz,González Cruz,Ruiz Jiménez,90,2,2024-12-26
PROV-000146,FutureWorks Supplier,CE,65213931,True,no_responsable_iva,774091012,Medellín,Cra. 25 con Calle 45,Cra. 40 con Calle 120,futureworks_721@empresa.com.co,399907669,telefono,Ruiz Rodríguez,Banco de Bogotá,ahorros,65789302463,consultoría,1,Rodríguez López,Sánchez Gómez,Pérez Sánchez,30,5,2025-05-29
PROV-000147,CloudNine Co.,CC,59493298,False,no_responsable_iva,831034366,Medellín,Cra. 20 con Calle 150,Cra. 35 con Calle 80,cloudnine_787@yahoo.com,351345733,telefono,González Gómez,Citibank,corriente,70323467155,servicios,18,Martínez Torres,Cruz Jiménez,Ruiz Cruz,45,2,2025-05-06
PROV-000148,EcoProducts Supplier,CC,37156349,True,responsable_iva,141830570,Cali,Cra. 20 con Calle 150,Cra. 25 con Calle 45,ecoproducts_253@yahoo.com,363989639,telefono,Ruiz López,BBVA,corriente,78632182184,consultoría,20,Ruiz Cruz,Cruz Morales,Morales Ramírez,30,3,2025-11-05
PROV-000149,InnovateMart Supplier,CE,88525929,False,no_responsable_iva,613237423,Bucaramanga,Cra. 30 con Calle 60,Cra. 20 con Calle 150,innovatemart_193@empresa.com.co,396571778,telefono,Torres Cruz,Banco Popular,ahorros,31910294425,distribución,13,Rodríguez Ramírez,Martínez González,Pérez García,45,1,2024-08-25
PROV-000150,ProccessFlow Industries,CC,23260755,True,no_responsable_iva,893217791,Barranquilla,Cra. 15 con Calle 100,Cra. 15 con Calle 100,proccessflow_432@hotmail.com,387516365,celular,Jiménez Rodríguez,Banco Popular,ahorros,42164343544,materia_prima,2,Cruz Ruiz,González Rodríguez,López López,45,5,2025-02-16
PROV-000151,SmartBuild Supplier,CC,61972137,False,no_responsable_iva,866070204,Medellín,Cra. 5 con Calle 50,Cra. 20 con Calle 150,smartbuild_927@hotmail.com,385254998,celular,Pérez Sánchez,Itaú,ahorros,51581233112,servicios,28,López Pérez,Sánchez López,Martínez Cruz,60,3,2024-10-07
PROV-000152,DirectSupply Group,NIT,78240024,False,responsable_iva,875547405,Medellín,Cra. 1 con Calle 1,Cra. 15 con Calle 100,directsupply_948@hotmail.com,368490893,celular,Pérez Ruiz,BBVA,corriente,40643784536,tecnología,1,González Martínez,Jiménez Morales,Ruiz Pérez,90,1,2024-09-06
PROV-000153,ValueChain Supplier,CC,11901310,False,responsable_iva,689200949,Bogotá,Cra. 25 con Calle 45,Cra. 15 con Calle 100,valuechain_878@hotmail.com,394494274,telefono,Jiménez Ruiz,BBVA,ahorros,65997904512,servicios,26,Torres Ramírez,Torres Martínez,Vargas González,60,3,2025-06-06
PROV-000154,CloudNine Industries,CE,18737659,True,responsable_iva,113214467,Cali,Cra. 45 con Calle 30,Cra. 30 con Calle 60,cloudnine_977@empresa.com.co,370829774,celular,Ramírez Rodríguez,Citibank,ahorros,87921345910,consultoría,19,Torres González,Sánchez Sánchez,Rodríguez Cruz,15,3,2025-02-12
PROV-000155,TechSolutions Group,CC,15280898,True,no_responsable_iva,845527285,Medellín,Cra. 30 con Calle 60,Cra. 15 con Calle 100,techsolutions_372@hotmail.com,369984751,celular,Torres Jiménez,Banco Popular,ahorros,81327779489,consultoría,8,Vargas Torres,Vargas Gómez,Ruiz Vargas,60,4,2024-09-26
PROV-000156,CareGroup Group,CE,35823738,False,no_responsable_iva,159941214,Barranquilla,Cra. 25 con Calle 45,Cra. 30 con Calle 60,caregroup_142@hotmail.com,332393562,celular,Ramírez Torres,BBVA,corriente,42886157898,consultoría,15,Torres Ruiz,Cruz Morales,López Gómez,45,4,2025-04-01
PROV-000157,PureSource Co.,CC,30078299,True,responsable_iva,601293246,Medellín,Cra. 20 con Calle 150,Cra. 25 con Calle 45,puresource_369@empresa.com.co,339105769,telefono,Martínez Morales,Santander,corriente,62325263214,distribución,24,Morales González,Ruiz Vargas,Sánchez García,45,2,2025-11-02
PROV-000158,EcoProducts Group,NIT,43759328,False,responsable_iva,321452284,Barranquilla,Cra. 5 con Calle 50,Cra. 15 con Calle 100,ecoproducts_793@hotmail.com,322059756,telefono,Sánchez Cruz,Citibank,ahorros,60597900984,materia_prima,27,Rodríguez Jiménez,Martínez Torres,Cruz Sánchez,60,2,2024-10-17
PROV-000159,FastLogistics Industries,NIT,97901174,False,no_responsable_iva,802736623,Medellín,Cra. 30 con Calle 60,Cra. 1 con Calle 1,fastlogistics_120@yahoo.com,319323871,telefono,Vargas Pérez,Itaú,ahorros,86124724354,servicios,7,Cruz Morales,López Pérez,Jiménez García,45,5,2024-10-21
PROV-000160,PremiumServices Supplier,NIT,96503862,False,no_responsable_iva,114427783,Cali,Cra. 5 con Calle 50,Cra. 35 con Calle 80,premiumservices_152@hotmail.com,330104060,celular,Cruz Sánchez,Itaú,ahorros,21589404515,tecnología,7,Cruz Ramírez,Rodríguez Gómez,Cruz Morales,90,4,2024-11-21
PROV-000161,CloudNine Group,CE,14691546,False,no_responsable_iva,237028079,Bogotá,Cra. 1 con Calle 1,Cra. 40 con Calle 120,cloudnine_408@gmail.com,365185301,telefono,González Torres,Citibank,ahorros,25218852850,tecnología,24,López García,Jiménez Martínez,Jiménez González,30,1,2024-07-14
PROV-000162,GlobalTrade Group,NIT,60206285,True,no_responsable_iva,259628233,Bogotá,Cra. 25 con Calle 45,Cra. 1 con Calle 1,globaltrade_427@gmail.com,334912642,telefono,Torres González,BBVA,ahorros,59298697042,materia_prima,20,Vargas Sánchez,Jiménez Pérez,Ruiz Torres,60,5,2025-03-11
PROV-000163,GreenEarth Industries,NIT,68989472,True,no_responsable_iva,588955758,Medellín,Cra. 40 con Calle 120,Cra. 15 con Calle 100,greenearth_613@gmail.com,321993111,celular,Martínez López,Citibank,ahorros,45436627515,materia_prima,7,Jiménez López,Jiménez Torres,Gómez Ruiz,90,3,2025-08-14
PROV-000164,FutureWorks Co.,CC,59961523,False,no_responsable_iva,259060989,Barranquilla,Cra. 5 con Calle 50,Cra. 5 con Calle 50,futureworks_219@hotmail.com,393318704,celular,Torres Pérez,Banco Popular,corriente,16227843699,materia_prima,4,González Martínez,Gómez Cruz,Jiménez González,30,2,2025-07-10
PROV-000165,SmartBuild Supplier,NIT,55293005,False,no_responsable_iva,762210179,Barranquilla,Cra. 20 con Calle 150,Cra. 10 con Calle 70,smartbuild_101@hotmail.com,311691515,celular,Vargas Martínez,Banco de Bogotá,corriente,93569386376,consultoría,1,Ruiz Pérez,Rodríguez Jiménez,Torres Ramírez,45,2,2024-12-01
PROV-000166,CareGroup Co.,CC,51605228,False,responsable_iva,548048065,Barranquilla,Cra. 15 con Calle 100,Cra. 30 con Calle 60,caregroup_964@empresa.com.co,355994298,celular,Gómez Pérez,Banco Popular,corriente,48239628363,distribución,26,Gómez Vargas,Ramírez García,Rodríguez Sánchez,60,1,2024-08-21
PROV-000167,PremiumServices Group,CC,89589009,False,no_responsable_iva,276781408,Cali,Cra. 25 con Calle 45,Cra. 25 con Calle 45,premiumservices_973@gmail.com,396828578,celular,Jiménez Morales,Citibank,ahorros,45640827801,materia_prima,1,Vargas Sánchez,Cruz Cruz,Gómez García,90,1,2025-05-09
PROV-000168,SpeedForward Group,CE,58336160,True,no_responsable_iva,617321574,Bucaramanga,Cra. 20 con Calle 150,Cra. 1 con Calle 1,speedforward_996@hotmail.com,373164401,celular,González Jiménez,Banco Popular,corriente,57347036712,distribución,26,Martínez López,Torres Sánchez,Morales García,15,4,2024-11-16
PROV-000169,VentureTech Industries,CC,11361436,True,responsable_iva,875198320,Bogotá,Cra. 1 con Calle 1,Cra. 1 con Calle 1,venturetech_676@hotmail.com,317171699,telefono,González González,BBVA,corriente,49396762889,servicios,20,López González,Gómez Vargas,Rodríguez Martínez,30,4,2025-11-23
PROV-000170,SkyBridge Industries,CC,64558732,True,responsable_iva,438993703,Bogotá,Cra. 5 con Calle 50,Cra. 5 con Calle 50,skybridge_200@empresa.com.co,385900119,telefono,González Rodríguez,Banco de Bogotá,corriente,85306336561,servicios,2,González Morales,Jiménez Rodríguez,Ramírez Ruiz,30,4,2025-11-02
PROV-000171,FastLogistics Co.,CE,91181837,False,no_responsable_iva,666184844,Medellín,Cra. 35 con Calle 80,Cra. 35 con Calle 80,fastlogistics_285@gmail.com,328165296,telefono,Sánchez García,Santander,ahorros,60041994960,servicios,8,Cruz Jiménez,Ruiz González,Pérez López,45,2,2025-02-18
PROV-000172,CareGroup Group,CC,92969812,True,responsable_iva,484067700,Cali,Cra. 35 con Calle 80,Cra. 40 con Calle 120,caregroup_444@empresa.com.co,352018931,telefono,Morales García,Bancolombia,corriente,55382823613,servicios,10,García Jiménez,Ruiz Pérez,Ruiz Jiménez,15,5,2025-10-21
PROV-000173,InnovateMart Industries,CE,32314303,True,responsable_iva,434856753,Cali,Cra. 10 con Calle 70,Cra. 10 con Calle 70,innovatemart_345@yahoo.com,331776434,telefono,Sánchez Torres,Itaú,ahorros,88479053143,distribución,2,Pérez Torres,Sánchez García,Cruz García,30,4,2025-04-17
PROV-000174,InnovateMart Group,CC,75161474,False,responsable_iva,272460095,Cali,Cra. 25 con Calle 45,Cra. 30 con Calle 60,innovatemart_804@gmail.com,356837061,celular,Jiménez González,Santander,ahorros,58354270459,distribución,30,González Martínez,López Pérez,Martínez Torres,15,5,2025-08-17
PROV-000175,CareGroup Supplier,CC,23184955,True,no_responsable_iva,867448132,Bucaramanga,Cra. 40 con Calle 120,Cra. 1 con Calle 1,caregroup_337@hotmail.com,364899574,celular,Pérez Ruiz,Santander,ahorros,83469877120,consultoría,22,García Rodríguez,Ramírez Sánchez,López García,60,2,2026-04-18
PROV-000176,FastLogistics Group,NIT,67815235,True,no_responsable_iva,568556303,Medellín,Cra. 25 con Calle 45,Cra. 25 con Calle 45,fastlogistics_318@yahoo.com,389574546,telefono,Gómez Ruiz,Banco Popular,ahorros,24664485161,distribución,3,Ruiz Vargas,Morales Pérez,Martínez Morales,45,2,2025-09-06
PROV-000177,DigitalPulse Supplier,CC,74935831,True,no_responsable_iva,353372622,Medellín,Cra. 45 con Calle 30,Cra. 40 con Calle 120,digitalpulse_130@hotmail.com,380740150,celular,García Ramírez,Citibank,ahorros,46302187632,materia_prima,29,Rodríguez Cruz,González Cruz,Ruiz González,30,1,2024-11-30
PROV-000178,SpeedForward Industries,CE,94931678,True,responsable_iva,126853499,Bogotá,Cra. 35 con Calle 80,Cra. 20 con Calle 150,speedforward_211@yahoo.com,366552478,telefono,Rodríguez Sánchez,Banco de Bogotá,ahorros,22853011226,tecnología,18,Gómez Jiménez,Pérez Jiménez,Vargas Morales,15,3,2026-01-09
PROV-000179,NextGen Group,CC,10599635,False,responsable_iva,457943170,Barranquilla,Cra. 30 con Calle 60,Cra. 25 con Calle 45,nextgen_968@gmail.com,343237705,celular,García Martínez,Banco de Bogotá,ahorros,95736786437,servicios,25,Rodríguez Torres,Martínez López,Ramírez Vargas,15,5,2026-04-09
PROV-000180,QuantumLeap Co.,NIT,53327574,True,no_responsable_iva,771022603,Medellín,Cra. 40 con Calle 120,Cra. 1 con Calle 1,quantumleap_759@gmail.com,347850500,celular,López Martínez,Citibank,ahorros,86646073901,servicios,14,Rodríguez Gómez,Pérez Morales,Torres Gómez,90,1,2025-11-07
PROV-000181,VentureTech Industries,NIT,28464839,True,responsable_iva,481669065,Barranquilla,Cra. 30 con Calle 60,Cra. 35 con Calle 80,venturetech_435@yahoo.com,350520016,telefono,Vargas Sánchez,Itaú,corriente,49088904235,materia_prima,25,Ruiz Gómez,Ruiz Cruz,Jiménez Ramírez,15,5,2025-02-15
PROV-000182,DigitalPulse Group,CC,22067485,False,no_responsable_iva,866967579,Bucaramanga,Cra. 1 con Calle 1,Cra. 1 con Calle 1,digitalpulse_717@gmail.com,332346901,celular,Vargas Torres,BBVA,corriente,28967874396,servicios,19,Martínez Cruz,González Ramírez,Jiménez Cruz,90,4,2025-06-12
PROV-000183,CareGroup Group,CE,61998104,False,no_responsable_iva,803593540,Bogotá,Cra. 15 con Calle 100,Cra. 40 con Calle 120,caregroup_561@empresa.com.co,351407091,telefono,Cruz Rodríguez,Itaú,ahorros,29869081887,distribución,16,Sánchez García,Jiménez Martínez,Ruiz Torres,60,1,2025-05-04
PROV-000184,CareGroup Supplier,CE,93017422,True,responsable_iva,451055286,Barranquilla,Cra. 10 con Calle 70,Cra. 30 con Calle 60,caregroup_703@empresa.com.co,342022595,celular,Ruiz Jiménez,Itaú,corriente,22989733766,tecnología,15,Gómez Ramírez,Gómez Ramírez,Martínez Vargas,45,3,2024-07-18
PROV-000185,SmartBuild Group,CC,77451579,True,responsable_iva,530581294,Barranquilla,Cra. 10 con Calle 70,Cra. 15 con Calle 100,smartbuild_800@gmail.com,373693498,celular,Sánchez Rodríguez,Santander,ahorros,75222602322,distribución,18,Pérez López,Pérez Ramírez,Sánchez Rodríguez,15,2,2024-10-15
PROV-000186,QuantumLeap Supplier,NIT,81320164,False,no_responsable_iva,201822523,Barranquilla,Cra. 10 con Calle 70,Cra. 40 con Calle 120,quantumleap_738@hotmail.com,316493249,telefono,González Sánchez,Bancolombia,corriente,48472116637,tecnología,7,Martínez Rodríguez,Torres Ruiz,Rodríguez González,90,4,2026-05-19
PROV-000187,SpeedForward Co.,CC,32048474,True,no_responsable_iva,437869313,Barranquilla,Cra. 5 con Calle 50,Cra. 40 con Calle 120,speedforward_782@hotmail.com,368135311,telefono,López Pérez,Banco Popular,ahorros,61030956328,distribución,19,Martínez Gómez,Cruz Gómez,González López,30,5,2026-04-15
PROV-000188,ValueChain Co.,CE,88666572,True,no_responsable_iva,823494251,Bogotá,Cra. 40 con Calle 120,Cra. 10 con Calle 70,valuechain_698@gmail.com,343805884,celular,Morales Ramírez,Itaú,ahorros,22087335661,consultoría,18,Rodríguez Vargas,Ruiz Pérez,Rodríguez Gómez,30,4,2025-08-11
PROV-000189,SmartBuild Co.,NIT,11236712,True,responsable_iva,140562858,Bogotá,Cra. 25 con Calle 45,Cra. 15 con Calle 100,smartbuild_238@gmail.com,393325713,telefono,García Ruiz,Bancolombia,ahorros,87661923658,consultoría,6,Jiménez Ramírez,González González,Torres Vargas,45,5,2024-10-14
PROV-000190,InterConnect Group,CC,67824342,False,no_responsable_iva,148278707,Cali,Cra. 10 con Calle 70,Cra. 25 con Calle 45,interconnect_114@yahoo.com,397563121,telefono,García Rodríguez,Itaú,ahorros,67336384703,consultoría,13,Cruz Ruiz,Pérez López,Vargas López,90,2,2024-10-11
PROV-000191,ImpactHub Co.,CC,24569166,True,responsable_iva,784643955,Cali,Cra. 25 con Calle 45,Cra. 10 con Calle 70,impacthub_873@gmail.com,346411305,telefono,Pérez Vargas,Santander,ahorros,14628069440,materia_prima,7,Martínez García,Torres Torres,Vargas López,30,3,2026-05-24
PROV-000192,FutureWorks Co.,CC,48538047,True,no_responsable_iva,494533293,Bogotá,Cra. 25 con Calle 45,Cra. 35 con Calle 80,futureworks_269@empresa.com.co,323461244,telefono,Ruiz Vargas,Banco de Bogotá,ahorros,15418873044,consultoría,25,Ramírez Sánchez,Pérez Sánchez,Pérez Martínez,90,5,2025-09-02
PROV-000193,VentureTech Group,NIT,48222908,False,responsable_iva,116872111,Bucaramanga,Cra. 20 con Calle 150,Cra. 25 con Calle 45,venturetech_210@hotmail.com,367148054,telefono,Sánchez Gómez,Citibank,corriente,31379560774,materia_prima,5,Martínez García,Ruiz Morales,Ramírez Cruz,45,5,2024-11-28
PROV-000194,GreenEarth Group,CE,94491999,False,no_responsable_iva,758450913,Cali,Cra. 20 con Calle 150,Cra. 30 con Calle 60,greenearth_655@hotmail.com,360929765,telefono,Cruz García,Banco Popular,ahorros,17967163370,distribución,11,Rodríguez Sánchez,Torres Gómez,Vargas Jiménez,90,4,2026-03-01
PROV-000195,SkyBridge Co.,CE,11476522,False,no_responsable_iva,321997705,Medellín,Cra. 1 con Calle 1,Cra. 40 con Calle 120,skybridge_126@hotmail.com,343264290,telefono,Gómez García,Banco de Bogotá,corriente,20601455979,consultoría,17,López Martínez,Martínez Gómez,Ruiz Martínez,60,1,2025-12-05
PROV-000196,InnovateMart Supplier,CE,95057671,False,no_responsable_iva,745670698,Barranquilla,Cra. 20 con Calle 150,Cra. 25 con Calle 45,innovatemart_562@hotmail.com,317870144,telefono,García Cruz,Itaú,corriente,49868153834,materia_prima,16,González González,Torres Pérez,Ruiz Morales,15,5,2025-04-16
PROV-000197,SmartBuild Co.,CC,23687457,True,responsable_iva,554475747,Medellín,Cra. 45 con Calle 30,Cra. 1 con Calle 1,smartbuild_402@hotmail.com,314315727,celular,Rodríguez Cruz,Santander,ahorros,31422276999,distribución,9,Martínez García,Sánchez Jiménez,Torres Martínez,45,3,2025-06-07
PROV-000198,FastLogistics Co.,CC,14207583,False,responsable_iva,593791750,Bucaramanga,Cra. 35 con Calle 80,Cra. 45 con Calle 30,fastlogistics_402@empresa.com.co,385857291,telefono,Pérez Torres,Santander,corriente,65628644780,servicios,1,Morales Gómez,Sánchez Pérez,González Vargas,30,1,2026-05-09
PROV-000199,EcoProducts Supplier,NIT,93590946,True,responsable_iva,988214983,Medellín,Cra. 30 con Calle 60,Cra. 5 con Calle 50,ecoproducts_680@yahoo.com,392182378,telefono,López Rodríguez,BBVA,ahorros,79593857105,consultoría,20,Vargas Gómez,Ramírez Rodríguez,Ramírez Ramírez,45,1,2025-05-31
PROV-000200,InnovateMart Industries,NIT,23074192,False,responsable_iva,857706489,Cali,Cra. 20 con Calle 150,Cra. 35 con Calle 80,innovatemart_800@empresa.com.co,336108893,telefono,Vargas Rodríguez,Itaú,corriente,14904363999,servicios,26,González Sánchez,Jiménez Pérez,Jiménez Ruiz,15,4,2025-09-08
